"","UniqueSequenceName","Diamond_Hit","Diamond_Percentage_Identity","Diamond_length","Diamond_E_value","Diamond_BitScore","Diamond_qframe"
"1","SB10_PN_TRINITY_DN435_c0_g2_i3.p1","B2DCR8.1",79.2,1052,0,1688,0
"2","DP3_PD_TRINITY_DN17317_c1_g1_i1.p1","B2DCR8.1",64.4,1053,0,1396,0
"3","DP4_PN_TRINITY_DN13402_c0_g1_i2.p1","B2DCR8.1",57.3,473,1.85e-173,526,0
"4","EB4_PN_TRINITY_DN11175_c0_g1_i1.p1","B2DCR8.1",60.4,1053,0,1308,0
"5","EB4_PN_TRINITY_DN117285_c0_g1_i3.p1","BAD15111.1",80.9,392,7.19e-233,650,0
"6","EB9_PN_TRINITY_DN849_c7_g1_i2.p1","CAE1252570.1",67,97,5.91e-34,134,0
"7","EB5_PN_TRINITY_DN4926_c0_g1_i5.p1","CAE1252570.1",68.6,236,3.39e-117,353,0
"8","EB7_PN_TRINITY_DN509_c0_g1_i15.p1","XP_052833195.1",56.3,247,3.36e-93,286,0
"9","EB5_PN_TRINITY_DN5508_c0_g1_i1.p1","XP_052833195.1",56.3,247,8.3e-94,287,0
"10","EB7_PN_TRINITY_DN1515_c1_g1_i3.p1","CAE1252570.1",48.5,233,8.7e-73,239,0
"11","EB5_PN_TRINITY_DN745_c4_g1_i2.p1","ACJ22644.1",76.3,253,9.77e-141,405,0
"12","OB2_PD_TRINITY_DN67_c0_g1_i1.p1","XP_014784832.1",100,255,6.46e-188,525,0
"13","OB2_PD_TRINITY_DN11478_c0_g1_i1.p1","XP_014768493.1",100,254,3.6e-189,528,0
"14","OB2_PD_TRINITY_DN37_c0_g2_i1.p1","CAI9718204.1",87.8,255,2.28e-165,468,0
"15","OB2_PD_TRINITY_DN26_c0_g1_i1.p1","CAI9740754.1",76.1,255,7.64e-139,401,0
"16","SB11_PN_TRINITY_DN40470_c24_g1_i1.p1","B2DCR8.1",79.5,1051,0,1696,0
"17","SB2_JR_TRINITY_DN673_c0_g1_i1.p1","B2DCR8.1",49,708,7.46e-240,708,0
"18","SB3_JR_TRINITY_DN1163_c0_g1_i1.p1","B2DCR8.1",48.8,683,3.09e-227,675,0
"19","SB1_JR_TRINITY_DN2126_c0_g1_i1.p1","CAE1320665.1",86.2,391,9.36e-254,703,0
"20","SB4_JR_TRINITY_DN430_c25_g1_i1.p1","CAE1277675.1",86.7,188,2.06e-120,355,0
"21","SB4_JR_TRINITY_DN31959_c29_g1_i1.p1","XP_052833195.1",58.5,248,1.54e-96,294,0
"22","SB1_JR_TRINITY_DN63901_c19_g1_i1.p1","ACJ22644.1",87.4,253,3.66e-168,475,0
"23","DP4_PN_TRINITY_DN13484_c0_g1_i1.p1","B2DCR8.1",52.9,941,0,1013,0
"24","DP3_PD_TRINITY_DN17317_c1_g1_i8.p1","B2DCR8.1",64.9,1003,0,1336,0
"25","DP5_PN_TRINITY_DN473_c0_g1_i1.p1","B2DCR8.1",79.5,1052,0,1695,0
"26","DP6_PN_TRINITY_DN1575_c0_g2_i1.p1","B2DCR8.1",49,708,7.46e-240,708,0
"27","DP3_PD_TRINITY_DN17056_c1_g1_i1.p1","CAE1313662.1",89,410,3.95e-260,738,0
"28","EB7_PN_TRINITY_DN18618_c0_g1_i1.p1","B2DCR8.1",60.3,1053,0,1305,0
"29","EB5_PN_TRINITY_DN880_c0_g1_i8.p1","B2DCR8.1",52.8,500,2.65e-174,529,0
"30","EB8_PN_TRINITY_DN8708_c0_g1_i3.p1","XP_052078133.1",54.9,566,2.43e-220,635,0
"31","EB5_PN_TRINITY_DN3091_c0_g3_i2.p1","CAE1260478.1",63.7,273,1.43e-115,348,0
"32","EB5_PN_TRINITY_DN2193_c0_g1_i1.p1","CAE1291348.1",90,409,2.44e-177,511,0
"33","EB5_PN_TRINITY_DN689_c3_g2_i1.p1","CAE1293597.1",66.3,276,8.48e-105,320,0
"34","EB5_PN_TRINITY_DN15134_c0_g1_i1.p1","XP_014783233.1",51.9,466,1.61e-176,516,0
"35","EB10_PN_TRINITY_DN2068_c0_g1_i6.p1","BCB28795.1",61.4,378,4.42e-174,507,0
"36","EB9_PN_TRINITY_DN29130_c1_g1_i10.p1","CAE1282782.1",77.2,679,0,1080,0
"37","EB7_PN_TRINITY_DN12371_c0_g1_i2.p1","CAE1176247.1",71.3,527,4.91e-282,786,0
"38","EB10_PN_TRINITY_DN1558_c12_g1_i10.p1","CAE1295985.1",81.2,191,9.46e-107,319,0
"39","EB10_PN_TRINITY_DN3072_c0_g1_i2.p1","XP_029637232.1",41.6,308,4.01e-77,248,0
"40","EB5_PN_TRINITY_DN2860_c0_g2_i1.p1","KAI0740168.1",33.5,227,2.19e-29,123,0
"41","EB10_PN_TRINITY_DN36905_c0_g1_i1.p1","CAE1318317.1",78.3,337,4.39e-202,578,0
"42","EB10_PN_TRINITY_DN451_c0_g2_i1.p1","XP_029657579.1",72.7,480,1.9e-257,722,0
"43","EB9_PN_TRINITY_DN84099_c0_g1_i2.p1","CAI9736947.1",39.3,369,4.11e-92,293,0
"44","EB1_MH_TRINITY_DN49989_c3_g6_i1.p1","CAE1328800.1",84.1,472,1.01e-302,835,0
"45","EB1_MH_TRINITY_DN48644_c10_g8_i1.p1","CAE1318331.1",93.2,235,2.68e-160,454,0
"46","EB10_PN_TRINITY_DN589_c0_g5_i2.p1","XP_014784049.1",38.1,236,1.21e-58,198,0
"47","EB10_PN_TRINITY_DN258_c1_g1_i1.p1","XP_029654758.1",46.5,228,2.18e-71,230,0
"48","EB10_PN_TRINITY_DN66_c0_g1_i7.p1","ACJ22654.1",41,188,1.16e-46,164,0
"49","EB4_PN_TRINITY_DN2921_c0_g1_i10.p1","CAE1252570.1",48.9,233,3.09e-73,241,0
"50","ES2_JR_TRINITY_DN46894_c0_g1_i1.p1","CAE1280942.1",69.9,1058,0,1540,0
"51","ES2_JR_TRINITY_DN107463_c0_g1_i1.p1","CAE1176247.1",70.8,527,1.33e-279,780,0
"52","ES1_JR_TRINITY_DN15450_c0_g1_i3.p1","CAE1320666.1",79.5,391,3.04e-232,649,0
"53","ES1_JR_TRINITY_DN104541_c0_g1_i1.p1","CAE1318317.1",77.6,339,4.75e-202,578,0
"54","ES2_JR_TRINITY_DN1170_c1_g1_i2.p1","XP_014768200.1",60.7,117,1.21e-45,154,0
"55","HM3_PD_TRINITY_DN2937_c0_g1_i9.p1","XP_052826435.1",86.7,497,0,875,0
"56","HM3_PD_TRINITY_DN2937_c0_g1_i1.p1","CAI9727864.1",85.7,559,0,976,0
"57","HM3_PD_TRINITY_DN71479_c0_g1_i1.p1","XP_036368006.1",82.2,1091,0,1877,0
"58","HM1_PD_TRINITY_DN2076_c7_g1_i1.p1","XP_014781241.1",93.9,345,1.43e-243,673,0
"59","HM3_PD_TRINITY_DN2868_c0_g1_i2.p1","XP_029649275.1",90.4,1678,0,3042,0
"60","HM1_PD_TRINITY_DN23692_c0_g1_i2.p1","XP_014786356.1",90,351,5.42e-247,684,0
"61","HM3_PD_TRINITY_DN476_c0_g1_i1.p1","XP_014771656.1",81.5,389,1.97e-240,669,0
"62","HM1_PD_TRINITY_DN183_c0_g1_i1.p1","XP_014775861.1",69.6,270,4.7e-133,388,0
"63","HM1_PD_TRINITY_DN63_c0_g2_i6.p1","XP_029654766.1",87.4,254,1.55e-163,464,0
"64","HM1_PD_TRINITY_DN7154_c1_g2_i1.p1","XP_014768200.1",95.7,116,2.85e-71,219,0
"65","HM1_PD_TRINITY_DN16_c0_g2_i2.p1","XP_029651131.1",83.1,254,7.17e-155,441,0
"66","OB1_PD_TRINITY_DN6109_c0_g2_i1.p1","XP_052822611.1",100,619,0,1282,0
"67","OB1_PD_TRINITY_DN5776_c0_g1_i4.p1","XP_014781048.1",100,562,0,1133,0
"68","OB1_PD_TRINITY_DN28963_c0_g1_i1.p1","XP_036368006.1",88.5,1094,0,2016,0
"69","OB1_PD_TRINITY_DN13991_c0_g1_i3.p1","XP_014771914.1",99.8,1046,0,2163,0
"70","OB2_PD_TRINITY_DN66_c0_g1_i1.p1","XP_014788915.1",99.6,266,7.51e-188,526,0
"71","OB1_PD_TRINITY_DN749_c1_g2_i1.p1","XP_014770381.1",100,322,2.04e-220,613,0
"72","OB1_PD_TRINITY_DN55_c25_g1_i2.p1","XP_014781241.1",100,345,1.64e-258,711,0
"73","OB3_PD_TRINITY_DN48_c0_g3_i1.p1","XP_014785566.1",100,368,2.4e-274,753,0
"74","OB1_PD_TRINITY_DN1084_c0_g1_i6.p1","XP_014781238.1",100,409,4.62000000000012e-311,849,0
"75","OB2_PD_TRINITY_DN321_c0_g1_i1.p1","XP_014778868.1",100,287,6.23e-202,563,0
"76","OB1_PD_TRINITY_DN3794_c0_g1_i1.p1","XP_014786592.2",99.9,1635,0,3241,0
"77","OB1_PD_TRINITY_DN10181_c0_g1_i1.p1","XP_052830678.1",95.1,446,3.96999999999989e-312,855,0
"78","OB2_PD_TRINITY_DN19_c0_g1_i1.p1","XP_014790454.1",100,305,1.26e-211,589,0
"79","OB1_PD_TRINITY_DN125_c0_g1_i4.p1","XP_052832783.1",100,328,2.57e-230,641,0
"80","OB2_PD_TRINITY_DN93_c3_g2_i1.p2","XP_014785199.1",100,160,4.4e-110,330,0
"81","OB1_PD_TRINITY_DN9356_c0_g1_i2.p1","XP_014786356.1",100,364,4.86e-281,769,0
"82","OB1_PD_TRINITY_DN57_c0_g1_i1.p1","XP_014771656.1",100,388,1.08e-287,788,0
"83","OB1_PD_TRINITY_DN7650_c0_g1_i1.p1","XP_014782437.1",99.6,764,0,1515,0
"84","OB2_PD_TRINITY_DN1_c0_g1_i1.p1","CAI9743227.1",81.2,410,2.24e-250,696,0
"85","OB1_PD_TRINITY_DN3105_c0_g1_i2.p1","XP_014785522.1",100,499,0,984,0
"86","OB1_PD_TRINITY_DN2522_c0_g1_i3.p1","CAI9742234.1",93.6,264,4.53e-188,526,0
"87","OB2_PD_TRINITY_DN100_c0_g1_i1.p1","XP_014776000.1",100,256,4.04e-187,523,0
"88","OB2_PD_TRINITY_DN37_c0_g1_i1.p1","XP_014784049.1",100,254,1.81e-187,524,0
"89","OB1_PD_TRINITY_DN1041_c0_g4_i1.p1","XP_014769410.1",99.6,266,6.76e-200,556,0
"90","OB1_PD_TRINITY_DN7478_c0_g1_i8.p1","CAI9740754.1",78.8,255,1.07e-145,418,0
"91","OB2_PD_TRINITY_DN26_c0_g1_i3.p1","CAI9740754.1",75.7,255,2.19e-138,400,0
"92","OB3_PD_TRINITY_DN281_c0_g4_i1.p1","XP_029653452.1",84.8,237,1.54e-152,434,0
"93","OB3_PD_TRINITY_DN60_c0_g1_i11.p1","CAI9740754.1",78.8,255,1.85e-146,420,0
"94","OB1_PD_TRINITY_DN7478_c0_g1_i2.p1","CAI9740754.1",79.2,255,1.85e-146,420,0
"95","OB2_PD_TRINITY_DN2960_c0_g1_i3.p1","XP_052827612.1",100,300,8.78e-233,645,0
"96","OB2_PD_TRINITY_DN59_c0_g1_i3.p1","XP_014782846.1",100,101,4.53e-61,192,0
"97","OK1_PD_TRINITY_DN113_c1_g1_i1.p1","XP_014771656.1",83.2,388,1.98e-242,674,0
"98","OK1_PD_TRINITY_DN113_c1_g1_i3.p1","XP_014771655.1",82.5,388,8.36e-242,672,0
"99","OV1_PD_SRR7130741_TRINITY_DN9675_c0_g1_i1.p1","XP_036368006.1",95.2,1095,0,2153,0
"100","OV1_PD_SRR7130741_TRINITY_DN10366_c9_g1_i6.p1","CAI9718349.1",100,304,1.94e-209,583,0
"101","OV1_PD_SRR7130741_TRINITY_DN10407_c7_g1_i6.p2","XP_029653452.1",99.2,237,3.21e-179,501,0
"102","OV1_PD_SRR7130741_TRINITY_DN10283_c4_g2_i3.p1","XP_029651018.1",97.7,258,5.51e-186,520,0
"103","OV1_PD_SRR7130741_TRINITY_DN10221_c5_g3_i7.p1","XP_029650854.1",74,154,2.11e-75,236,0
"104","OV1_PD_SRR7130741_TRINITY_DN10286_c2_g2_i5.p1","CAI9729316.1",100,257,3.62e-195,543,0
"105","OV1_PD_SRR7130741_TRINITY_DN10286_c2_g2_i14.p1","XP_029640868.1",97.4,273,1.08e-204,569,0
"106","OV1_PD_SRR7130741_TRINITY_DN10387_c4_g2_i3.p1","CAI9740465.1",100,179,1.31e-128,372,0
"107","SB10_PN_TRINITY_DN10702_c0_g2_i3.p1","AAD15886.1",94.1,574,0,1142,0
"108","SB4_JR_TRINITY_DN5832_c0_g1_i1.p1","AAD15886.1",93.8,512,0,1012,0
"109","SB1_JR_TRINITY_DN56718_c0_g1_i1.p1","CAE1266291.1",61.9,604,1.12e-259,729,0
"110","SB8_PN_TRINITY_DN7666_c0_g1_i3.p1","CAE1266291.1",57.9,634,1.34e-244,692,0
"111","SB1_JR_TRINITY_DN1111_c0_g1_i1.p1","QGK85629.1",71.4,689,0,1025,0
"112","SB1_JR_TRINITY_DN671_c0_g1_i1.p1","CAE1280942.1",79.2,1064,0,1737,0
"113","SB11_PN_TRINITY_DN31739_c0_g1_i3.p1","CAE1260478.1",84.5,284,5.24e-169,484,0
"114","SB3_JR_TRINITY_DN47074_c27_g1_i1.p1","KAG0050057.1",27.3,220,3.41e-14,82.8,0
"115","SB2_JR_TRINITY_DN3704_c0_g3_i2.p1","CAE1320666.1",87.2,392,7.78e-258,713,0
"116","SB3_JR_TRINITY_DN2544_c1_g1_i1.p1","UBT01723.1",56.1,189,8.84e-62,206,0
"117","SB10_PN_TRINITY_DN3172_c0_g1_i4.p1","CAE1291348.1",95,362,6.75e-195,555,0
"118","SB5_PN_TRINITY_DN5921_c0_g1_i1.p1","CAE1280942.1",87.3,561,0,1038,0
"119","SB10_PN_TRINITY_DN4575_c0_g3_i1.p1","CAE1243575.1",87.1,451,1.16e-289,805,0
"120","SB10_PN_TRINITY_DN3150_c0_g1_i9.p1","XP_029640057.1",47.2,381,2.58e-121,379,0
"121","SB2_JR_TRINITY_DN72060_c0_g1_i1.p1","XP_014783233.1",50.4,462,7.96e-174,509,0
"122","SB9_PN_TRINITY_DN6061_c2_g1_i1.p1","CAE1266291.1",54,619,1.46e-223,638,0
"123","SB2_JR_TRINITY_DN72371_c0_g1_i1.p1","AFV94409.1",56.3,1406,0,1580,0
"124","SB2_JR_TRINITY_DN3094_c0_g1_i1.p1","ACF04700.1",80,1681,0,2745,0
"125","SB6_PN_TRINITY_DN10101_c0_g1_i5.p1","CAI9736947.1",65.4,269,4.32e-131,389,0
"126","SB1_JR_TRINITY_DN17_c4_g3_i1.p1","CAI9724229.1",41,310,1.41e-77,249,0
"127","SB11_PN_TRINITY_DN50_c0_g1_i2.p1","CAE1295985.1",89,191,9.95e-114,337,0
"128","SB6_PN_TRINITY_DN41_c0_g1_i3.p1","CAE1176247.1",80.1,532,5.27999999999999e-309,852,0
"129","SB10_PN_TRINITY_DN1446_c0_g1_i9.p1","XP_046549759.1",33.8,544,1.4e-100,327,0
"130","SB11_PN_TRINITY_DN26669_c1_g1_i12.p1","XP_046549759.1",34,544,4.57e-102,331,0
"131","SB1_JR_TRINITY_DN8751_c0_g1_i2.p1","CAE1318317.1",89.8,352,5.34e-242,680,0
"132","SB8_PN_TRINITY_DN246_c0_g2_i16.p1","CAE1313662.1",92.6,390,8.54e-252,712,0
"133","SB3_JR_TRINITY_DN33578_c0_g1_i1.p1","XP_053380158.1",38,100,6.25e-12,73.9,0
"134","SB11_PN_TRINITY_DN19570_c0_g1_i1.p1","CAE1252570.1",89.4,235,2.59e-150,437,0
"135","SB7_PN_TRINITY_DN15983_c1_g1_i1.p1","XP_054428783.1",42.9,371,3.53e-96,304,0
"136","SB11_PN_TRINITY_DN28242_c4_g2_i2.p1","ACJ22644.1",86.8,205,2.81e-131,380,0
"137","SB5_PN_TRINITY_DN149_c1_g1_i14.p1","XP_029654758.1",46.5,228,1.54e-71,230,0
"138","SB3_JR_TRINITY_DN17365_c0_g1_i1.p1","XP_029654753.1",44.1,152,5.41e-30,120,0
"139","SB10_PN_TRINITY_DN4917_c0_g3_i1.p1","BAD15111.1",81.1,392,3.91e-237,661,0
"140","SB7_PN_TRINITY_DN15983_c1_g1_i2.p1","XP_055976799.1",41.6,373,4.24e-96,304,0
"141","SB12_PN_TRINITY_DN4968_c0_g1_i1.p1","CAE1320665.1",79.8,391,9.84e-233,650,0
"142","SB9_PN_TRINITY_DN15038_c0_g1_i2.p1","CAE1318317.1",77.8,352,7.41e-207,591,0
"143","SO7_PD_TRINITY_DN136_c2_g1_i6.p1","B2DCR8.1",81.4,1047,0,1684,0
"144","SO3_MH_TRINITY_DN64606_c6_g1_i4.p1","B2DCR8.1",52.7,938,0,1018,0
"145","SO2_PD_som_TRINITY_DN9930_c0_g1_i1.p1","QGK85629.1",69.5,689,0,984,0
"146","SO1_PD_sof_TRINITY_DN12563_c5_g6_i1.p1","CAE1280942.1",76.9,1059,0,1702,0
"147","SO1_PD_sof_TRINITY_DN12378_c7_g4_i1.p1","CAE1176247.1",87.2,532,0,966,0
"148","SO5_PD_TRINITY_DN1150_c0_g3_i2.p1","CAE1277675.1",89.5,190,3.68e-125,367,0
"149","SO1_PD_sof_TRINITY_DN454_c0_g1_i1.p1","CAE1318317.1",91.7,351,2.4e-251,703,0
"150","SO1_PD_sof_TRINITY_DN11685_c8_g1_i3.p1","ARB18030.1",92.3,389,1.08e-264,731,0
"151","SO3_MH_TRINITY_DN61749_c0_g1_i1.p1","EHB02947.1",42.5,369,1.18e-101,318,0
"152","SO5_PD_TRINITY_DN405_c0_g2_i12.p1","CAE1252570.1",89.8,235,2.38e-153,445,0
"153","SO1_PD_sof_TRINITY_DN12603_c6_g3_i1.p1","XP_052833195.1",58.2,244,1.02e-94,290,0
"154","SO1_PD_sof_TRINITY_DN12326_c5_g3_i3.p1","CAE1252570.1",48.7,230,9.02e-73,239,0
"155","SO5_PD_TRINITY_DN148_c0_g1_i8.p1","ACJ22643.1",43.3,252,6.28e-73,234,0
"156","SO5_PD_TRINITY_DN181_c2_g3_i1.p1","ACJ22644.1",83.9,254,1.63e-153,438,0
"157","DP3_PD_TRINITY_DN16210_c7_g1_i5.p1","CAE1271131.1",60.3,695,1.26e-189,561,0
"158","DP3_PD_TRINITY_DN16210_c7_g1_i4.p1","CAE1271131.1",61.8,676,2.24e-191,565,0
"159","DP3_PD_TRINITY_DN16210_c7_g1_i6.p1","CAE1271131.1",59.8,301,1.57e-121,379,0
"160","DP3_PD_TRINITY_DN16210_c7_g1_i1.p1","CAE1271131.1",67.9,252,2.86e-121,376,0
"161","DP3_PD_TRINITY_DN17845_c9_g1_i3.p1","XP_014769556.1",72.8,445,3.17e-256,715,0
"162","DP3_PD_TRINITY_DN16658_c8_g2_i2.p1","CAE1266297.1",61.9,176,1.76e-73,242,0
"163","DP3_PD_TRINITY_DN14978_c0_g1_i1.p1","XP_041360844.1",45.5,552,2.63e-166,499,0
"164","DP3_PD_TRINITY_DN16456_c8_g2_i1.p1","XP_029641000.1",67.5,581,6.26e-301,842,0
"165","DP3_PD_TRINITY_DN15583_c0_g1_i1.p1","CAE1274102.1",72.7,835,0,1357,0
"166","DP3_PD_TRINITY_DN16456_c8_g2_i2.p1","XP_029641000.1",66.7,592,2.35e-300,842,0
"167","DP5_PN_TRINITY_DN2152_c0_g1_i1.p1","XP_052831460.1",30.4,227,9.17e-28,118,0
"168","DP5_PN_TRINITY_DN4321_c0_g3_i1.p1","CAI9739057.1",73.3,438,1.38e-263,734,0
"169","DP3_PD_TRINITY_DN16586_c0_g1_i1.p1","XP_052821518.1",34.1,757,5.73e-139,438,0
"170","EB10_PN_TRINITY_DN13497_c0_g2_i3.p1","XP_014777536.2",75.2,1801,0,2638,0
"171","EB5_PN_TRINITY_DN49859_c0_g1_i1.p1","CAE1258373.1",72.6,201,9.33e-85,313,0
"172","EB7_PN_TRINITY_DN109_c0_g1_i16.p1","CAE1272263.1",29.3,389,1.09e-40,169,0
"173","EB7_PN_TRINITY_DN95413_c0_g1_i2.p1","CAE1258552.1",84.4,716,0,1167,0
"174","EB1_MH_TRINITY_DN49153_c5_g10_i1.p1","CAE1314305.1",62.3,382,8.03e-121,370,0
"175","EB9_PN_TRINITY_DN300_c0_g1_i22.p1","CAI9727909.1",39.4,246,1.38e-37,155,0
"176","EB5_PN_TRINITY_DN2812_c5_g1_i1.p1","CAE1314595.1",63.6,264,3.17e-121,380,0
"177","EB7_PN_TRINITY_DN606_c2_g2_i7.p1","CAE1314595.1",67.4,264,1.74e-130,404,0
"178","EB8_PN_TRINITY_DN1_c0_g1_i1.p1","CAE1314595.1",64,264,3.69e-128,397,0
"179","EB7_PN_TRINITY_DN999_c0_g1_i1.p1","CAE1314595.1",64,264,4.67e-128,397,0
"180","EB10_PN_TRINITY_DN13399_c0_g1_i1.p1","CAI9720589.1",53.7,669,2.27e-197,583,0
"181","EB8_PN_TRINITY_DN1383_c0_g1_i8.p1","CAE1310994.1",77.2,2204,0,3164,0
"182","EB7_PN_TRINITY_DN999_c0_g1_i7.p1","CAE1314595.1",64,264,3.95e-128,397,0
"183","EB10_PN_TRINITY_DN2919_c0_g2_i1.p1","CAE1159862.1",78.6,1408,0,2119,0
"184","EB5_PN_TRINITY_DN16369_c0_g1_i1.p1","CAH1244689.1",36.7,376,3.67e-70,238,0
"185","EB10_PN_TRINITY_DN81131_c0_g1_i1.p1","XP_014778358.1",48.3,410,5.54e-117,358,0
"186","EB8_PN_TRINITY_DN6071_c0_g1_i4.p1","CAE1271131.1",71,310,4.89e-158,479,0
"187","EB7_PN_TRINITY_DN10818_c0_g1_i1.p1","CAE1238891.1",75.2,1131,0,1598,0
"188","EB8_PN_TRINITY_DN30330_c0_g1_i7.p1","CAE1261465.1",81.9,697,5.03e-286,816,0
"189","EB10_PN_TRINITY_DN7446_c0_g1_i2.p1","CAE1314595.1",64.4,253,6.35e-124,381,0
"190","EB5_PN_TRINITY_DN1186_c7_g1_i1.p1","CAI9734328.1",52.8,337,6.32e-116,359,0
"191","EB3_PN_TRINITY_DN826455_c0_g1_i1.p1","CAI9737014.1",71.1,263,4.12e-137,406,0
"192","EB10_PN_TRINITY_DN23530_c0_g1_i1.p1","CAE1322390.1",74.4,449,1.05e-213,609,0
"193","EB10_PN_TRINITY_DN13563_c0_g1_i1.p1","XP_029639119.1",62.7,335,2.21e-155,455,0
"194","EB10_PN_TRINITY_DN71_c0_g1_i14.p1","CAI9727909.1",39.4,246,1.2e-37,155,0
"195","EB10_PN_TRINITY_DN5616_c0_g1_i1.p1","CAE1140666.1",71.8,701,0,1042,0
"196","EB8_PN_TRINITY_DN26669_c0_g1_i2.p1","CAE1174190.1",84.1,1005,0,1774,0
"197","EB10_PN_TRINITY_DN4654_c2_g1_i1.p1","CAE1298785.1",57.5,736,2.47e-299,841,0
"198","EB9_PN_TRINITY_DN4463_c0_g1_i3.p1","CAE1300717.1",64,677,4.07e-277,797,0
"199","EB10_PN_TRINITY_DN3996_c0_g1_i1.p1","CAE1306498.1",65.2,474,2.48e-192,569,0
"200","EB3_PN_TRINITY_DN183069_c8_g1_i1.p1","XP_052823476.1",80.2,242,1.49e-128,409,0
"201","EB3_PN_TRINITY_DN714089_c0_g1_i1.p1","CAI9740244.1",42,243,9.87e-48,171,0
"202","EB7_PN_TRINITY_DN8699_c0_g1_i2.p1","CAI9718836.1",59.6,1563,0,1714,0
"203","EB7_PN_TRINITY_DN7063_c0_g1_i1.p1","XP_029658109.2",55.3,553,9.06e-199,575,0
"204","EB7_PN_TRINITY_DN2620_c1_g1_i3.p1","CAI9740646.1",40.8,233,8.72e-40,154,0
"205","EB7_PN_TRINITY_DN419_c0_g2_i1.p1","CAE1294728.1",92.6,664,0,1171,0
"206","EB7_PN_TRINITY_DN5917_c0_g1_i1.p1","CAE1300047.1",83,488,1.5e-304,875,0
"207","EB7_PN_TRINITY_DN14640_c0_g1_i5.p2","CAE1169147.1",50,172,1.28e-41,174,0
"208","EB8_PN_TRINITY_DN5774_c0_g1_i5.p1","XP_014784837.1",68.5,723,0,1140,0
"209","EB7_PN_TRINITY_DN2369_c2_g2_i2.p1","CAE1233243.1",75.5,601,0,915,0
"210","EB1_MH_TRINITY_DN47925_c4_g2_i1.p1","CAE1262780.1",75.3,397,1.83e-212,603,0
"211","EB10_PN_TRINITY_DN3907_c0_g4_i1.p1","XP_029633661.1",66.7,1130,0,1515,0
"212","EB8_PN_TRINITY_DN402_c0_g1_i13.p1","CAI9727909.1",39.4,246,9.71e-38,155,0
"213","EB7_PN_TRINITY_DN71202_c0_g1_i2.p1","CAE1320622.1",45.9,582,4.93e-156,477,0
"214","EB5_PN_TRINITY_DN693_c0_g1_i1.p1","CAE1259476.1",69.2,1762,0,2085,0
"215","EB7_PN_TRINITY_DN3455_c0_g1_i6.p3","XP_029640071.1",42,338,6.35e-81,282,0
"216","EB8_PN_TRINITY_DN20890_c0_g1_i1.p1","CAE1320622.1",43.1,603,2.55e-153,470,0
"217","EB7_PN_TRINITY_DN111132_c0_g1_i1.p1","CAE1315741.1",67,924,0,1282,0
"218","EB10_PN_TRINITY_DN9484_c1_g1_i1.p1","CAI9740673.1",58,469,1.52e-186,539,0
"219","EB5_PN_TRINITY_DN2715_c0_g1_i1.p1","XP_029635402.1",66.2,527,8.28e-269,753,0
"220","EB10_PN_TRINITY_DN617_c0_g1_i1.p1","XP_014768645.1",50.6,259,3.48e-91,283,0
"221","EB3_PN_TRINITY_DN42911_c0_g1_i2.p1","CAE1271131.1",71,310,1.32e-157,479,0
"222","EB1_MH_TRINITY_DN47925_c4_g2_i2.p1","CAE1262780.1",75.5,359,1.14e-188,541,0
"223","EB3_PN_TRINITY_DN165888_c0_g1_i3.p1","XP_052832301.1",71.9,199,1.72e-98,295,0
"224","EB7_PN_TRINITY_DN68763_c0_g1_i1.p1","CAE1255798.1",74.6,276,1.99e-146,426,0
"225","EB1_MH_TRINITY_DN52491_c4_g7_i1.p1","CAE1248477.1",78.4,1397,0,2123,0
"226","EB4_PN_TRINITY_DN611_c0_g1_i8.p1","CAE1271131.1",64.9,251,2.9e-112,354,0
"227","EB4_PN_TRINITY_DN37364_c0_g1_i1.p1","XP_036369247.1",61.4,290,3.8e-123,366,0
"228","EB8_PN_TRINITY_DN6071_c0_g1_i1.p1","CAE1271131.1",56.5,301,1.98e-112,354,0
"229","EB10_PN_TRINITY_DN278_c0_g1_i1.p1","XP_036369247.1",61.4,290,1.54e-122,364,0
"230","EB1_MH_TRINITY_DN48515_c5_g3_i2.p1","XP_052223522.1",36.6,453,3.83e-91,307,0
"231","EB1_MH_TRINITY_DN53863_c3_g5_i1.p1","XP_014781544.1",64.7,1767,0,2043,0
"232","EB3_PN_TRINITY_DN113709_c0_g1_i3.p1","CAE1316801.1",67.7,325,6.4e-151,442,0
"233","EB10_PN_TRINITY_DN12749_c0_g1_i4.p1","XP_036357774.1",70.9,3430,0,5328,0
"234","EB8_PN_TRINITY_DN10429_c0_g1_i1.p1","CAE1257679.1",86.6,314,5.64e-202,565,0
"235","EB3_PN_TRINITY_DN140507_c0_g1_i1.p1","XP_036364914.1",64.8,159,2.66e-68,224,0
"236","EB1_MH_TRINITY_DN54086_c4_g8_i2.p1","QVQ68751.1",71,314,5.02e-160,464,0
"237","EB5_PN_TRINITY_DN6566_c0_g1_i1.p1","CAE1288439.1",68,328,3.7e-162,479,0
"238","EB5_PN_TRINITY_DN5862_c3_g1_i2.p1","CAE1227535.1",87.7,357,2.36e-241,672,0
"239","EB1_MH_TRINITY_DN48123_c6_g5_i3.p1","CAE1316801.1",72.2,395,7.58e-203,577,0
"240","EB3_PN_TRINITY_DN53304_c2_g1_i7.p1","CAE1306055.1",81.4,354,2.5e-214,610,0
"241","EB4_PN_TRINITY_DN361_c0_g1_i3.p1","CAE1313910.1",62,121,6.7e-33,131,0
"242","EB1_MH_TRINITY_DN53966_c10_g1_i1.p1","CAI9734207.1",63.8,804,0,1105,0
"243","EB5_PN_TRINITY_DN2659_c0_g2_i2.p1","XP_036359769.1",65.6,1839,0,2461,0
"244","EB4_PN_TRINITY_DN2921_c0_g1_i11.p1","XP_047128271.1",53.3,150,7.62e-44,165,0
"245","EB4_PN_TRINITY_DN2921_c0_g1_i1.p1","CAE1252570.1",50.3,149,8.84e-40,156,0
"246","EB10_PN_TRINITY_DN46887_c0_g2_i4.p1","CAE1313910.1",78.8,349,2.38e-204,577,0
"247","EB7_PN_TRINITY_DN534_c6_g1_i1.p1","CAE1296430.1",78.3,263,2.6e-141,410,0
"248","EB5_PN_TRINITY_DN1586_c1_g1_i2.p1","CAI9724012.1",43.1,550,3.95e-110,350,0
"249","EB3_PN_TRINITY_DN282736_c0_g1_i1.p1","CAE1258782.1",53.7,82,3.92e-17,89.7,0
"250","EB5_PN_TRINITY_DN6905_c0_g2_i1.p1","CAI9733149.1",77.4,1476,0,1419,0
"251","EB5_PN_TRINITY_DN6754_c0_g1_i1.p1","XP_014773761.2",79.8,223,2.44e-120,403,0
"252","EB1_MH_TRINITY_DN52448_c5_g3_i1.p1","WOE89241.1",41.4,157,9.25e-35,129,0
"253","EB3_PN_TRINITY_DN10707_c0_g1_i5.p2","CAE1260478.1",26.6,289,3.56e-31,130,0
"254","EB3_PN_TRINITY_DN508383_c0_g1_i1.p1","WOE89241.1",41.3,150,1.49e-32,124,0
"255","EB5_PN_TRINITY_DN232_c0_g1_i1.p1","CAE1304236.1",71.6,275,2.74e-77,253,0
"256","EB5_PN_TRINITY_DN6608_c0_g1_i2.p1","XP_029658164.1",49.7,199,9.8e-71,236,0
"257","EB10_PN_TRINITY_DN521_c0_g1_i1.p1","WOE89250.1",42,138,1.69e-25,105,0
"258","EB7_PN_TRINITY_DN45859_c0_g1_i1.p1","CAE1255008.1",77.2,838,0,1372,0
"259","EB7_PN_TRINITY_DN19196_c0_g1_i2.p1","CAE1324296.1",76.9,329,2.05e-184,526,0
"260","EB7_PN_TRINITY_DN2767_c0_g1_i6.p1","XP_046557886.1",34.8,529,2.75e-95,315,0
"261","EB1_MH_TRINITY_DN49640_c4_g1_i4.p1","XP_029633790.1",69.5,151,1.57e-66,212,0
"262","EB5_PN_TRINITY_DN28809_c0_g1_i1.p1","CAE1309075.1",74.7,249,4.06e-131,386,0
"263","EB3_PN_TRINITY_DN358443_c5_g1_i1.p1","CAE1155236.1",82.4,119,1.06e-61,216,0
"264","EB1_MH_TRINITY_DN45920_c0_g1_i2.p1","XP_045165397.2",36,308,7.11e-51,181,0
"265","EB4_PN_TRINITY_DN164917_c0_g1_i1.p1","CAI9744251.1",59.1,198,3.76e-33,129,0
"266","EB10_PN_TRINITY_DN10965_c0_g1_i1.p1","CAI9724012.1",44.7,438,7.14e-98,314,0
"267","EB3_PN_TRINITY_DN45327_c0_g1_i4.p1","CAI9739653.1",71.8,163,1.54e-76,241,0
"268","EB4_PN_TRINITY_DN38128_c0_g1_i3.p1","XP_052827003.1",59.7,283,9.22e-126,377,0
"269","EB3_PN_TRINITY_DN45327_c0_g1_i3.p1","CAI9739653.1",79.2,149,6.3e-82,254,0
"270","EB7_PN_TRINITY_DN52173_c1_g1_i4.p1","CAE1306498.1",65.1,473,1.08e-198,570,0
"271","EB10_PN_TRINITY_DN3068_c0_g3_i1.p1","CAE1230767.1",60.9,391,2.08e-169,494,0
"272","EB10_PN_TRINITY_DN3675_c0_g1_i2.p1","XP_029641000.1",62.2,616,2.35e-291,818,0
"273","EB3_PN_TRINITY_DN314273_c0_g1_i1.p1","XP_029636637.1",55.7,115,4.59e-33,134,0
"274","EB10_PN_TRINITY_DN762_c0_g1_i8.p1","CAE1304236.1",61.4,303,5.41e-75,247,0
"275","EB1_MH_TRINITY_DN53946_c7_g7_i1.p1","CAE1231119.1",76,275,3.84e-141,412,0
"276","EB10_PN_TRINITY_DN8581_c0_g1_i3.p1","CAE1173162.1",80.3,816,0,945,0
"277","EB1_MH_TRINITY_DN53893_c4_g2_i1.p1","CAE1248444.1",90.9,2757,0,2692,0
"278","EB1_MH_TRINITY_DN50574_c1_g1_i1.p1","CAE1255074.1",73.7,384,1.27e-199,589,0
"279","EB3_PN_TRINITY_DN299221_c1_g1_i3.p1","CAE1322767.1",60.2,108,6.74e-36,145,0
"280","EB5_PN_TRINITY_DN4574_c0_g1_i2.p1","XP_052830250.1",45.5,396,2.95e-112,345,0
"281","EB3_PN_TRINITY_DN15124_c0_g1_i6.p1","CAI9732236.1",58.6,116,3.51e-40,150,0
"282","EB3_PN_TRINITY_DN336697_c0_g1_i5.p1","XP_014788131.1",78.8,104,4.22e-50,174,0
"283","EB3_PN_TRINITY_DN16337_c2_g1_i2.p1","CAE1272751.1",46.7,105,4.45e-23,105,0
"284","EB3_PN_TRINITY_DN434556_c2_g1_i1.p1","CAE1147228.1",85.8,120,2.25e-61,210,0
"285","EB3_PN_TRINITY_DN378019_c1_g2_i1.p1","CAE1310775.1",90.8,196,2.58e-110,331,0
"286","EB5_PN_TRINITY_DN5365_c0_g1_i3.p1","CAE1288317.1",69.4,385,5.85e-203,586,0
"287","EB8_PN_TRINITY_DN12818_c0_g6_i1.p1","CAE1244888.1",67.1,386,3.73e-190,550,0
"288","EB1_MH_TRINITY_DN51329_c1_g2_i1.p1","CAE1323243.1",80.2,470,4.81e-291,809,0
"289","EB3_PN_TRINITY_DN31235_c1_g2_i1.p1","CAE1149387.1",69.2,91,1.02e-32,130,0
"290","EB10_PN_TRINITY_DN6151_c0_g1_i1.p1","XP_029640805.1",74.9,630,0,956,0
"291","EB4_PN_TRINITY_DN30796_c0_g1_i10.p1","XP_052832783.1",75,72,1.64e-25,110,0
"292","EB7_PN_TRINITY_DN556_c0_g1_i1.p1","CAE1304236.1",67.4,276,1.86e-79,258,0
"293","EB10_PN_TRINITY_DN74897_c0_g1_i5.p1","CAE1176309.1",51.8,334,5.68e-111,339,0
"294","EB3_PN_TRINITY_DN84885_c0_g1_i1.p1","2IAP_A",88.4,95,9.56e-60,196,0
"295","EB4_PN_TRINITY_DN30796_c0_g1_i2.p1","CAI9740977.1",80.2,106,1.54e-49,172,0
"296","EB7_PN_TRINITY_DN27166_c1_g1_i2.p1","CAE1301431.1",66.5,200,1.59e-82,261,0
"297","EB5_PN_TRINITY_DN1820_c0_g1_i7.p1","CAI9739057.1",74.1,440,5.5e-267,743,0
"298","EB9_PN_TRINITY_DN1273_c1_g1_i2.p1","CAE1291509.1",84.9,643,0,1118,0
"299","EB1_MH_TRINITY_DN41479_c0_g1_i1.p1","CAE1283141.1",44,166,8.09e-36,146,0
"300","EB3_PN_TRINITY_DN893680_c1_g1_i1.p1","GFQ71636.1",60.5,114,3.57e-48,160,0
"301","EB1_MH_TRINITY_DN47827_c3_g11_i2.p1","XP_052822230.1",47.7,195,8.94e-58,204,0
"302","EB3_PN_TRINITY_DN181327_c0_g1_i11.p1","CAE1229875.1",60.3,194,5.1e-69,242,0
"303","EB3_PN_TRINITY_DN299221_c1_g1_i1.p1","CAE1322767.1",59.3,91,5.35e-31,127,0
"304","EB7_PN_TRINITY_DN2815_c0_g3_i6.p1","CAE1175485.1",66.7,369,7.38e-201,572,0
"305","EB4_PN_TRINITY_DN26258_c1_g1_i1.p1","XP_036359689.1",81.5,81,7.24e-44,153,0
"306","EB3_PN_TRINITY_DN15124_c0_g1_i3.p1","CAI9732236.1",60.1,253,1.92e-111,341,0
"307","EB10_PN_TRINITY_DN32893_c0_g1_i2.p1","XP_041350337.1",62.2,249,2.5e-100,303,0
"308","EB7_PN_TRINITY_DN7504_c0_g1_i7.p1","CAE1266291.1",57.9,216,7.96e-70,234,0
"309","EB7_PN_TRINITY_DN35381_c0_g1_i2.p2","XP_036357774.1",65.5,1497,0,2130,0
"310","EB5_PN_TRINITY_DN1123_c1_g1_i2.p1","CAE1252332.1",69.1,1771,0,2432,0
"311","EB8_PN_TRINITY_DN27012_c0_g1_i4.p1","XP_014785209.1",37.2,551,1.46e-90,305,0
"312","EB3_PN_TRINITY_DN170024_c0_g2_i1.p1","CAE1246888.1",59.8,102,9.82e-29,120,0
"313","EB3_PN_TRINITY_DN16337_c2_g1_i8.p1","CAE1272751.1",52.5,141,5.02e-42,160,0
"314","EB10_PN_TRINITY_DN31632_c0_g1_i2.p1","CAE1266297.1",57.9,178,4.71e-67,226,0
"315","EB5_PN_TRINITY_DN75750_c0_g1_i1.p1","CAE1266297.1",50,178,4.48e-55,195,0
"316","EB7_PN_TRINITY_DN3565_c0_g1_i4.p1","XP_014772058.1",63.1,236,3.6e-114,346,0
"317","EB10_PN_TRINITY_DN609_c0_g1_i1.p1","CAE1304336.1",93.7,317,2.87e-133,469,0
"318","EB7_PN_TRINITY_DN17918_c0_g1_i6.p1","XP_036359892.1",34.8,181,1.95e-26,114,0
"319","EB3_PN_TRINITY_DN326_c0_g1_i28.p1","CAE1329136.1",95.2,460,0,896,0
"320","EB10_PN_TRINITY_DN4785_c2_g1_i1.p1","TSK31462.1",51.8,56,1.91e-10,66.6,0
"321","EB1_MH_TRINITY_DN52490_c6_g3_i1.p1","CAE1137474.1",83.2,470,3.8e-292,809,0
"322","EB10_PN_TRINITY_DN3696_c0_g1_i8.p1","CAE1278628.1",41.1,744,1.1e-172,533,0
"323","EB3_PN_TRINITY_DN213160_c2_g1_i1.p1","CAE1298906.1",87.3,71,6.31e-36,135,0
"324","EB8_PN_TRINITY_DN92976_c0_g1_i1.p1","XP_051872416.1",39.6,187,6.74e-35,135,0
"325","EB7_PN_TRINITY_DN4342_c0_g1_i28.p1","CAE1282272.1",84.3,89,4.78e-39,142,0
"326","EB3_PN_TRINITY_DN54570_c1_g1_i12.p1","XP_014767918.2",66.2,536,8.87e-213,619,0
"327","EB7_PN_TRINITY_DN2019_c0_g1_i6.p1","CAI9730866.1",79.8,109,1.74e-52,182,0
"328","EB10_PN_TRINITY_DN17468_c4_g1_i1.p1","CAE1328965.1",59.6,223,2.34e-83,263,0
"329","EB3_PN_TRINITY_DN5560_c0_g1_i1.p1","CAE1246881.1",68.4,247,1.1e-123,364,0
"330","EB10_PN_TRINITY_DN744_c0_g1_i2.p1","XP_014777908.1",80.9,278,4.15e-171,486,0
"331","EB1_MH_TRINITY_DN47970_c7_g7_i1.p1","XP_036359540.1",51.4,142,3.33e-45,156,0
"332","EB7_PN_TRINITY_DN13047_c0_g1_i1.p1","CAE1147229.1",66.2,417,7.11e-174,512,0
"333","EB10_PN_TRINITY_DN2166_c0_g1_i2.p1","CAE1169015.1",47.8,226,6.96e-64,212,0
"334","EB3_PN_TRINITY_DN49343_c0_g1_i7.p1","XP_014770611.2",36.6,213,6.46e-34,142,0
"335","EB7_PN_TRINITY_DN5901_c0_g1_i14.p1","CAE1229875.1",62.1,478,2.44e-194,598,0
"336","EB4_PN_TRINITY_DN17348_c0_g1_i1.p1","XP_020615985.1",43.9,164,1.83e-48,167,0
"337","EB1_MH_TRINITY_DN28193_c0_g1_i1.p1","CAE1258858.1",80.4,382,1.52e-237,662,0
"338","EB5_PN_TRINITY_DN15276_c0_g1_i2.p1","CAE1157554.1",79.3,392,5.98e-197,586,0
"339","EB1_MH_TRINITY_DN47158_c0_g1_i3.p1","XP_014772058.1",63.7,284,3.95e-140,414,0
"340","EB3_PN_TRINITY_DN226286_c0_g1_i1.p1","XP_052823505.1",49.8,317,2.62e-88,301,0
"341","EB10_PN_TRINITY_DN5594_c0_g1_i1.p1","CAE1245480.1",69,300,1.98e-140,412,0
"342","EB5_PN_TRINITY_DN8145_c0_g1_i1.p1","XP_036363918.1",79.7,222,1.6e-121,358,0
"343","EB3_PN_TRINITY_DN43917_c5_g1_i2.p1","CAE1288320.1",69.8,86,3.08e-34,132,0
"344","EB10_PN_TRINITY_DN31132_c0_g1_i1.p1","XP_014775642.1",74.9,235,9.45e-141,404,0
"345","EB10_PN_TRINITY_DN33033_c0_g1_i1.p1","XP_029649757.1",48.8,480,3.59e-162,481,0
"346","EB10_PN_TRINITY_DN7211_c0_g1_i1.p1","XP_029635580.1",75.7,395,9.42e-210,592,0
"347","EB7_PN_TRINITY_DN1754_c2_g1_i7.p1","CAI9720776.1",60.9,422,9.39e-165,480,0
"348","EB10_PN_TRINITY_DN81466_c0_g1_i1.p1","CAE1288317.1",70.4,537,1.74e-293,822,0
"349","EB7_PN_TRINITY_DN2794_c2_g3_i1.p1","CAI9734764.1",82.9,673,0,1159,0
"350","EB3_PN_TRINITY_DN34579_c0_g1_i16.p1","CAI9733590.1",58.8,119,1.79e-46,164,0
"351","EB10_PN_TRINITY_DN33033_c0_g1_i2.p1","XP_029649757.1",46.9,480,3.32e-151,453,0
"352","EB3_PN_TRINITY_DN51765_c0_g1_i7.p1","XP_052824233.1",63.6,165,3.58e-72,232,0
"353","EB3_PN_TRINITY_DN308968_c1_g1_i2.p1","CAI9720776.1",77.3,383,3.56e-217,613,0
"354","EB10_PN_TRINITY_DN6315_c0_g1_i1.p1","CAE1266505.1",51.3,670,1.88e-186,551,0
"355","EB10_PN_TRINITY_DN1188_c1_g1_i3.p1","CAE1252332.1",63.2,1056,0,1313,0
"356","EB1_MH_TRINITY_DN48930_c3_g1_i3.p1","CAE1316897.1",53.8,266,2.22e-92,297,0
"357","EB1_MH_TRINITY_DN47357_c0_g1_i2.p1","CAE1178314.1",82.6,396,5.5e-260,721,0
"358","EB10_PN_TRINITY_DN56726_c0_g1_i1.p1","CAE1246868.1",66.2,373,3.22e-145,433,0
"359","EB10_PN_TRINITY_DN3400_c0_g1_i3.p1","CAI9733590.1",59,117,4.84e-46,162,0
"360","EB10_PN_TRINITY_DN80745_c0_g1_i1.p1","CAE1280714.1",52.4,292,9.36e-101,309,0
"361","EB7_PN_TRINITY_DN3807_c1_g1_i1.p1","XP_029644049.1",50.6,549,1.35e-185,566,0
"362","EB1_MH_TRINITY_DN19313_c0_g1_i1.p1","XP_014775644.1",44.4,142,4.91e-38,137,0
"363","EB10_PN_TRINITY_DN18332_c0_g1_i1.p1","QHI00148.1",82.6,161,1.08e-92,276,0
"364","EB8_PN_TRINITY_DN88544_c0_g1_i1.p1","XP_014783861.1",65.2,132,4.13e-56,183,0
"365","EB3_PN_TRINITY_DN106888_c1_g1_i5.p1","QVQ68757.1",52.7,207,3.5e-66,233,0
"366","EB4_PN_TRINITY_DN9421_c0_g1_i3.p1","CAE1286244.1",57.6,262,3.33e-100,307,0
"367","EB10_PN_TRINITY_DN8722_c0_g1_i1.p1","CAE1249094.1",88.5,1041,0,1386,0
"368","EB5_PN_TRINITY_DN1133_c0_g2_i2.p1","XP_014778328.1",40.9,399,3.17e-101,320,0
"369","EB3_PN_TRINITY_DN312469_c0_g1_i2.p1","CAE1305777.1",69.4,160,4.82e-71,234,0
"370","EB10_PN_TRINITY_DN69205_c0_g1_i2.p1","CAE1268834.1",80.6,351,2.82e-207,582,0
"371","EB5_PN_TRINITY_DN5433_c0_g1_i1.p1","XP_029654851.1",74.1,486,1.24e-275,767,0
"372","EB3_PN_TRINITY_DN21124_c1_g1_i7.p1","CAE1323305.1",95.5,449,0,879,0
"373","EB10_PN_TRINITY_DN1424_c0_g1_i3.p1","CAE1178314.1",81.1,206,1.12e-116,350,0
"374","EB9_PN_TRINITY_DN5488_c2_g2_i1.p1","CAE1310648.1",78.2,344,6.56e-190,538,0
"375","EB5_PN_TRINITY_DN55164_c0_g1_i2.p1","CAI9729634.1",51,486,3.55e-174,509,0
"376","EB10_PN_TRINITY_DN13805_c0_g4_i1.p1","CAE1292234.1",84.5,522,0,881,0
"377","EB9_PN_TRINITY_DN77866_c0_g1_i3.p1","XP_014774895.1",65,360,1.51e-169,493,0
"378","EB10_PN_TRINITY_DN58405_c0_g1_i1.p1","AKI30064.1",83.5,224,1.57e-151,431,0
"379","EB10_PN_TRINITY_DN1558_c12_g1_i4.p1","CAE1295985.1",84.1,132,1.22e-73,233,0
"380","EB10_PN_TRINITY_DN18047_c0_g1_i1.p1","AHM92582.1",97.6,552,0,1160,0
"381","EB8_PN_TRINITY_DN841_c0_g4_i2.p1","CAE1159052.1",83.2,749,0,1277,0
"382","EB5_PN_TRINITY_DN5551_c0_g1_i12.p1","BAV31378.1",46.2,463,3.54e-147,439,0
"383","EB5_PN_TRINITY_DN6187_c1_g1_i2.p1","CAE1266505.1",44.8,429,1.33e-98,318,0
"384","EB10_PN_TRINITY_DN2343_c0_g2_i4.p1","CAE1282272.1",84.3,89,3.07e-39,142,0
"385","EB10_PN_TRINITY_DN16915_c0_g7_i1.p1","CAE1316953.1",83.8,334,7.83e-197,586,0
"386","EB5_PN_TRINITY_DN7370_c0_g1_i2.p1","AIZ97492.1",96.6,406,6.49e-305,833,0
"387","EB8_PN_TRINITY_DN30873_c0_g1_i2.p1","CAE1173856.1",76.6,192,1.05e-99,298,0
"388","EB5_PN_TRINITY_DN41690_c0_g1_i1.p1","XP_014788797.1",41.4,674,8.4e-170,514,0
"389","EB1_MH_TRINITY_DN52137_c11_g3_i1.p1","BAS05959.1",70.2,463,1.49e-239,673,0
"390","EB5_PN_TRINITY_DN89489_c0_g1_i1.p1","XP_014783233.1",49.3,458,2e-153,457,0
"391","EB5_PN_TRINITY_DN5221_c0_g2_i2.p1","CAE1173160.1",80.8,816,0,945,0
"392","EB5_PN_TRINITY_DN546_c0_g1_i6.p2","XP_025081745.1",60.7,183,4.86e-78,245,0
"393","EB10_PN_TRINITY_DN6289_c0_g1_i1.p1","CAE1246888.1",41.4,707,1.53e-157,474,0
"394","EB10_PN_TRINITY_DN5916_c0_g2_i2.p1","CAE1160864.1",64.9,1215,0,1531,0
"395","EB10_PN_TRINITY_DN2365_c0_g1_i2.p1","XP_052829738.1",56,1262,0,951,0
"396","EB1_MH_TRINITY_DN45920_c0_g1_i1.p1","KAH3819919.1",38.6,171,5.27e-27,114,0
"397","EB8_PN_TRINITY_DN4119_c0_g1_i2.p1","CAE1246888.1",40.2,676,2.17e-151,457,0
"398","EB7_PN_TRINITY_DN2578_c1_g1_i1.p1","XP_029644661.1",61.4,456,3.06e-206,589,0
"399","EB7_PN_TRINITY_DN35702_c3_g1_i1.p1","XP_029658254.1",58.4,461,3.62e-193,556,0
"400","EB10_PN_TRINITY_DN154_c4_g1_i3.p1","CAE1248541.1",38.3,553,1.45e-84,285,0
"401","EB7_PN_TRINITY_DN4788_c0_g1_i3.p1","CAE1177642.1",65.9,689,0,951,0
"402","EB10_PN_TRINITY_DN709_c0_g1_i3.p1","CAI9714745.1",39.9,776,9.77e-201,601,0
"403","EB7_PN_TRINITY_DN8678_c0_g1_i7.p1","XP_013415572.1",40.5,321,2.17e-80,263,0
"404","EB1_MH_TRINITY_DN47643_c0_g1_i1.p1","CAE1248541.1",39.4,601,5.72e-103,334,0
"405","EB3_PN_TRINITY_DN5560_c0_g1_i4.p1","CAE1246888.1",37.8,679,3.46e-139,426,0
"406","EB10_PN_TRINITY_DN8899_c0_g3_i1.p1","CAE1303696.1",72.8,470,4.13e-244,688,0
"407","EB7_PN_TRINITY_DN3805_c5_g1_i1.p1","CAE1153071.1",79.3,647,0,1098,0
"408","EB5_PN_TRINITY_DN4631_c0_g1_i5.p1","CAE1316839.1",51.7,315,3.72e-105,330,0
"409","EB10_PN_TRINITY_DN2499_c0_g1_i1.p1","CAE1299726.1",92.2,760,0,1329,0
"410","EB5_PN_TRINITY_DN81742_c0_g1_i1.p1","BAC16240.1",71.7,424,1.73e-239,670,0
"411","EB5_PN_TRINITY_DN16205_c0_g1_i1.p1","BAC16241.1",75.7,362,3.48e-206,583,0
"412","EB10_PN_TRINITY_DN11639_c5_g1_i1.p1","CAE1246872.1",61.8,435,1.32e-190,553,0
"413","EB7_PN_TRINITY_DN22844_c4_g1_i2.p1","CAE1277398.1",75.7,473,7.02e-264,755,0
"414","EB5_PN_TRINITY_DN6699_c0_g1_i2.p1","CAE1165833.1",92.5,653,0,1246,0
"415","EB10_PN_TRINITY_DN6437_c0_g1_i1.p1","CAE1165835.1",93.7,639,0,1246,0
"416","EB3_PN_TRINITY_DN10693_c1_g2_i2.p1","CAE1178261.1",88.7,97,1.42e-48,170,0
"417","EB1_MH_TRINITY_DN49580_c1_g1_i3.p1","CAE1294596.1",83.7,461,2.56e-283,786,0
"418","EB7_PN_TRINITY_DN28184_c0_g1_i4.p1","CAE1263505.1",59.8,1269,0,1481,0
"419","EB10_PN_TRINITY_DN8899_c0_g3_i3.p1","CAE1303696.1",69.6,471,2.91e-232,657,0
"420","EB5_PN_TRINITY_DN11195_c0_g1_i2.p1","CAE1263505.1",60.5,1080,0,1265,0
"421","EB5_PN_TRINITY_DN56622_c0_g1_i1.p1","CAE1323101.1",94,201,3.9e-135,387,0
"422","EB3_PN_TRINITY_DN135059_c1_g1_i5.p1","CAI9718817.1",67.9,134,1.1e-63,218,0
"423","EB10_PN_TRINITY_DN8181_c3_g1_i1.p1","XP_029652839.1",55,160,1.29e-62,201,0
"424","EB4_PN_TRINITY_DN441_c0_g1_i1.p1","PTQ34270.1",33.1,175,1.36e-21,100,0
"425","EB5_PN_TRINITY_DN5884_c1_g1_i29.p2","CAE1272698.1",78.5,186,5.07e-76,246,0
"426","EB10_PN_TRINITY_DN13003_c0_g1_i2.p1","XP_013415572.1",42.2,308,8.3e-82,267,0
"427","EB7_PN_TRINITY_DN8678_c0_g1_i5.p1","XP_013415572.1",41.1,319,2.61e-80,263,0
"428","EB5_PN_TRINITY_DN8878_c0_g2_i4.p1","CAE1157298.1",77.5,618,0,1000,0
"429","EB1_MH_TRINITY_DN52884_c0_g1_i1.p1","XP_029645037.1",49.2,181,5.93e-53,179,0
"430","EB5_PN_TRINITY_DN4926_c0_g1_i3.p1","CAE1252570.1",67.2,183,1.4e-85,272,0
"431","EB3_PN_TRINITY_DN34251_c0_g1_i8.p1","CAI9735996.1",86.7,173,4.86e-105,319,0
"432","EB10_PN_TRINITY_DN16782_c2_g2_i2.p1","CAE1290657.1",80.9,309,1.32e-196,553,0
"433","EB8_PN_TRINITY_DN27012_c0_g1_i5.p1","XP_014785210.1",45.5,224,3.19e-55,197,0
"434","EB4_PN_TRINITY_DN204127_c0_g1_i1.p1","XP_029636609.1",62,142,4.24e-57,185,0
"435","EB1_MH_TRINITY_DN49156_c2_g1_i1.p1","CAE1274102.1",74.8,741,0,1238,0
"436","EB8_PN_TRINITY_DN11962_c0_g1_i1.p1","CAE1305779.1",64.6,472,3.94e-219,626,0
"437","EB7_PN_TRINITY_DN28184_c0_g1_i2.p1","CAE1263504.1",57.1,1302,0,1427,0
"438","EB7_PN_TRINITY_DN3502_c2_g1_i1.p1","CAE1271171.1",61.8,1432,0,1671,0
"439","EB1_MH_TRINITY_DN49588_c1_g7_i1.p1","XP_014781273.1",63.8,141,7.76e-62,197,0
"440","EB1_MH_TRINITY_DN50666_c5_g6_i1.p1","CAE1307838.1",47.8,159,6e-45,159,0
"441","EB1_MH_TRINITY_DN49033_c8_g2_i2.p1","CAE1286244.1",62.9,337,1.29e-149,435,0
"442","EB5_PN_TRINITY_DN20853_c0_g2_i1.p1","CAE1233689.1",80.7,429,1.21e-275,764,0
"443","EB1_MH_TRINITY_DN48504_c3_g1_i1.p1","CAE1299726.1",91.3,414,2.93e-245,703,0
"444","EB3_PN_TRINITY_DN135059_c1_g1_i3.p1","XP_029655636.1",71.9,249,4.84e-136,411,0
"445","EB8_PN_TRINITY_DN100025_c0_g1_i1.p1","XP_029644953.1",58.8,464,2.05e-193,559,0
"446","EB10_PN_TRINITY_DN81144_c0_g1_i1.p1","CAE1329508.1",66.7,132,6.11e-66,211,0
"447","EB1_MH_TRINITY_DN53587_c6_g1_i1.p1","ALM01449.1",78.3,258,8.58e-124,433,0
"448","EB10_PN_TRINITY_DN889_c0_g1_i2.p1","XP_029646485.1",59.8,281,2.56e-109,335,0
"449","EB8_PN_TRINITY_DN20393_c0_g1_i3.p1","CAE1312335.1",90.1,554,0,1059,0
"450","EB7_PN_TRINITY_DN1296_c0_g1_i1.p1","CAE1272941.1",75.2,431,1.78e-239,672,0
"451","EB10_PN_TRINITY_DN17512_c0_g1_i2.p1","XP_052716017.1",39.1,128,1.39e-19,92.8,0
"452","EB7_PN_TRINITY_DN3884_c2_g1_i8.p1","XP_052825877.1",58.2,287,1.64e-93,330,0
"453","EB8_PN_TRINITY_DN35358_c0_g1_i3.p1","CAE1264452.1",80.8,261,4.73e-155,447,0
"454","EB8_PN_TRINITY_DN1658_c0_g1_i1.p1","XP_014782596.1",54,263,3.21e-90,283,0
"455","EB5_PN_TRINITY_DN391_c0_g1_i2.p1","CAE1286049.1",81.1,249,7.05e-136,402,0
"456","EB3_PN_TRINITY_DN12650_c0_g1_i2.p1","ALM01449.1",77.9,258,9.5e-125,436,0
"457","EB3_PN_TRINITY_DN109127_c0_g1_i1.p1","XP_052828350.1",56.5,147,3.12e-37,137,0
"458","EB10_PN_TRINITY_DN294_c1_g2_i9.p1","CAE1277675.1",70.2,191,2.37e-94,289,0
"459","EB1_MH_TRINITY_DN52631_c6_g1_i1.p1","CAI9715155.1",58.4,365,3.6e-161,466,0
"460","EB5_PN_TRINITY_DN4631_c0_g1_i10.p1","CAE1316839.1",57,530,9.24e-221,634,0
"461","EB1_MH_TRINITY_DN49096_c0_g2_i3.p1","CAE1318502.1",87.8,230,1.95e-130,439,0
"462","EB3_PN_TRINITY_DN233817_c1_g2_i1.p1","XP_014771980.1",51.5,423,2.1e-137,424,0
"463","EB3_PN_TRINITY_DN16822_c0_g1_i5.p1","XP_020899267.2",46.1,76,1.26e-19,93.2,0
"464","EB10_PN_TRINITY_DN529_c1_g1_i6.p1","XP_052832783.1",75.6,332,5.77e-172,494,0
"465","EB1_MH_TRINITY_DN49624_c6_g2_i1.p1","CAE1265924.1",74.9,375,3.91e-218,612,0
"466","EB10_PN_TRINITY_DN8392_c0_g1_i2.p1","XP_029656435.1",60.6,132,3.25e-55,181,0
"467","EB1_MH_TRINITY_DN51935_c4_g3_i1.p1","CAE1267166.1",85.2,508,0,898,0
"468","EB5_PN_TRINITY_DN14467_c0_g2_i1.p1","XP_036363566.1",56.2,201,1.22e-82,257,0
"469","EB10_PN_TRINITY_DN17137_c0_g1_i2.p1","CAE1274104.1",75.7,744,0,1287,0
"470","EB8_PN_TRINITY_DN26595_c0_g2_i3.p1","CAE1248444.1",91.6,2179,0,1905,0
"471","EB7_PN_TRINITY_DN509_c0_g1_i7.p1","XP_052833195.1",51.7,116,2.6e-27,113,0
"472","EB1_MH_TRINITY_DN49156_c2_g1_i2.p1","CAE1274102.1",74.4,836,0,1384,0
"473","EB7_PN_TRINITY_DN88080_c0_g1_i1.p1","XP_048247493.1",47,890,4.44e-299,860,0
"474","EB7_PN_TRINITY_DN80622_c0_g1_i1.p1","XP_036366100.1",61.7,94,1.28e-33,125,0
"475","EB10_PN_TRINITY_DN13_c0_g1_i2.p1","PTQ26753.1",31.8,217,1.59e-26,115,0
"476","EB5_PN_TRINITY_DN69049_c0_g1_i1.p1","XP_014767562.1",66.2,302,4.08e-138,403,0
"477","EB10_PN_TRINITY_DN25545_c2_g2_i1.p1","CAE1274102.1",74.2,836,0,1380,0
"478","EB5_PN_TRINITY_DN82220_c0_g1_i1.p1","CAE1143476.1",87.7,220,1.34e-138,402,0
"479","EB8_PN_TRINITY_DN1662_c0_g1_i2.p1","CAE1280714.1",50.5,190,5.31e-59,199,0
"480","EB10_PN_TRINITY_DN180_c0_g3_i3.p2","CAE1267166.1",82.4,244,4.4e-145,426,0
"481","EB1_MH_TRINITY_DN52297_c3_g1_i6.p1","CAI9740978.1",74.8,329,1.45e-174,497,0
"482","EB5_PN_TRINITY_DN506_c4_g1_i1.p1","CAE1320628.1",82.3,458,4.19e-297,819,0
"483","EB7_PN_TRINITY_DN96564_c0_g1_i1.p1","XP_014773372.1",71,493,3.5e-253,716,0
"484","EB10_PN_TRINITY_DN56665_c0_g1_i1.p1","CAE1319312.1",72.4,359,1.68e-173,520,0
"485","EB10_PN_TRINITY_DN20980_c0_g1_i1.p1","AHH31546.1",85.7,147,9.24e-69,215,0
"486","EB10_PN_TRINITY_DN8436_c1_g1_i2.p1","CAE1303697.1",92.9,198,1.34e-134,389,0
"487","EB10_PN_TRINITY_DN8436_c1_g1_i1.p1","CAE1303700.1",93.3,223,1.68e-154,441,0
"488","EB5_PN_TRINITY_DN6559_c0_g1_i2.p1","CAE1306566.1",79.7,782,0,1316,0
"489","EB10_PN_TRINITY_DN42616_c0_g1_i3.p1","XP_009050866.1",38.8,85,2.28e-10,71.2,0
"490","EB7_PN_TRINITY_DN24093_c0_g1_i1.p1","CAE1156049.1",79.2,284,3.27e-168,481,0
"491","EB7_PN_TRINITY_DN833_c0_g3_i1.p1","CAE1300535.1",55.3,394,7.13e-142,434,0
"492","EB10_PN_TRINITY_DN17137_c0_g1_i4.p3","CAE1274104.1",62.2,90,2.08e-27,117,0
"493","EB8_PN_TRINITY_DN13925_c0_g1_i2.p1","CAE1258372.1",80.9,141,2.03e-73,258,0
"494","EB3_PN_TRINITY_DN7659_c3_g1_i2.p1","CAI9740247.1",71.6,183,6.15e-88,297,0
"495","EB10_PN_TRINITY_DN1570_c0_g1_i13.p1","XP_019643850.1",37.4,179,1.21e-19,93.6,0
"496","EB1_MH_TRINITY_DN49909_c2_g1_i4.p1","CAE1329647.1",52.1,240,1.1e-70,241,0
"497","EB9_PN_TRINITY_DN7876_c0_g1_i1.p1","CAE1304708.1",95.6,295,8.59e-204,573,0
"498","EB3_PN_TRINITY_DN347397_c2_g1_i3.p1","CAE1318880.1",84.7,150,2.62e-83,269,0
"499","EB3_PN_TRINITY_DN232914_c0_g1_i6.p1","CAE1297656.1",76.6,273,2.96e-146,425,0
"500","EB10_PN_TRINITY_DN15250_c0_g5_i1.p1","CAE1157404.1",81.3,496,5.55000000000003e-310,856,0
"501","EB7_PN_TRINITY_DN53184_c0_g2_i2.p1","CAE1157630.1",80.1,403,3.76e-243,680,0
"502","EB10_PN_TRINITY_DN3525_c0_g2_i1.p1","CAE1233746.1",73.9,444,4.65e-251,703,0
"503","EB10_PN_TRINITY_DN13719_c2_g1_i1.p1","CAI9741102.1",64,189,6.09e-85,259,0
"504","EB8_PN_TRINITY_DN38936_c0_g2_i1.p1","CAE1166466.1",67.1,258,2.4e-121,358,0
"505","EB10_PN_TRINITY_DN21223_c0_g1_i2.p1","XP_036361381.1",56,678,3.51e-228,676,0
"506","EB5_PN_TRINITY_DN902_c0_g1_i1.p1","BAI66449.1",46.2,145,1.83e-40,148,0
"507","EB1_MH_TRINITY_DN52337_c3_g1_i4.p1","CAE1238891.1",92.1,719,0,1341,0
"508","EB5_PN_TRINITY_DN8921_c0_g1_i6.p1","CAE1294596.1",83.5,115,1.66e-61,206,0
"509","EB10_PN_TRINITY_DN7537_c0_g1_i1.p1","CAE1278425.1",79.2,486,2.77000000019145e-314,865,0
"510","EB10_PN_TRINITY_DN230_c0_g1_i7.p1","XP_029641946.1",64.7,739,0,1032,0
"511","EB10_PN_TRINITY_DN1187_c0_g2_i1.p1","XP_029646978.1",35.4,209,1.51e-47,166,0
"512","EB3_PN_TRINITY_DN87248_c0_g1_i5.p1","CAE1328800.1",80.9,319,1.28e-194,554,0
"513","EB9_PN_TRINITY_DN272_c1_g1_i3.p1","XP_029641945.1",65.6,741,0,1049,0
"514","EB3_PN_TRINITY_DN53304_c2_g1_i9.p1","CAE1306055.1",49,435,2.74e-68,235,0
"515","EB4_PN_TRINITY_DN12416_c0_g1_i2.p1","BAI66447.1",67.8,171,1.04e-77,243,0
"516","EB1_MH_TRINITY_DN51287_c6_g5_i4.p1","CAE1271263.1",90.8,412,6.94e-277,763,0
"517","EB7_PN_TRINITY_DN796_c0_g1_i1.p1","XP_029641946.1",65.2,716,0,1008,0
"518","EB10_PN_TRINITY_DN320_c0_g1_i1.p1","CAE1315989.1",80.1,623,0,1045,0
"519","EB7_PN_TRINITY_DN8981_c0_g1_i4.p1","CAE1261841.1",68.3,180,1.01e-83,266,0
"520","EB10_PN_TRINITY_DN54295_c0_g1_i2.p1","XP_029652271.1",48.2,197,6.78e-64,209,0
"521","EB10_PN_TRINITY_DN2545_c4_g1_i1.p1","CAE1306566.1",81.5,314,2.34e-182,534,0
"522","EB5_PN_TRINITY_DN4179_c0_g1_i2.p2","CAE1318317.1",71.1,90,3.28e-34,135,0
"523","EB10_PN_TRINITY_DN33342_c0_g1_i1.p1","CAE1247237.1",87.3,165,4.06e-115,337,0
"524","EB5_PN_TRINITY_DN2920_c1_g1_i2.p1","KAJ8045726.1",32.1,134,2.42e-09,65.5,0
"525","EB8_PN_TRINITY_DN58331_c0_g1_i1.p1","XP_046574156.1",35.6,205,7.14e-36,137,0
"526","EB5_PN_TRINITY_DN5365_c0_g1_i2.p1","CAE1288317.1",65.3,245,1.27e-116,358,0
"527","EB1_MH_TRINITY_DN48458_c5_g4_i1.p1","XP_029649863.1",61,543,2.66e-190,555,0
"528","EB7_PN_TRINITY_DN3070_c0_g1_i8.p2","CAE1178315.1",80.2,187,2.76e-112,339,0
"529","EB8_PN_TRINITY_DN1098_c0_g1_i2.p1","CAE1317746.1",62.5,112,3.6e-39,140,0
"530","EB7_PN_TRINITY_DN3070_c0_g1_i11.p2","XP_014775432.1",80.1,161,2.87e-96,295,0
"531","EB5_PN_TRINITY_DN5459_c0_g1_i1.p1","CAE1175236.1",89.8,361,1.96e-247,684,0
"532","EB1_MH_TRINITY_DN48290_c7_g6_i2.p1","CAE1266295.1",80.7,471,9.32999999999999e-302,833,0
"533","EB9_PN_TRINITY_DN3823_c0_g1_i2.p1","CAE1281704.1",86.7,128,6.25e-73,231,0
"534","EB5_PN_TRINITY_DN689_c3_g2_i2.p1","CAE1293597.1",67.3,107,1.57e-37,139,0
"535","EB10_PN_TRINITY_DN1332_c0_g3_i1.p1","WNB50470.1",43.6,133,1.2e-31,126,0
"536","EB10_PN_TRINITY_DN13462_c0_g1_i1.p1","CAE1271171.1",58.7,511,8.46e-182,559,0
"537","EB8_PN_TRINITY_DN8693_c0_g1_i1.p2","CAE1261841.1",59.7,129,5.45e-46,166,0
"538","EB1_MH_TRINITY_DN48156_c4_g10_i2.p1","XP_014778618.1",69,394,6.63e-201,569,0
"539","EB8_PN_TRINITY_DN6562_c4_g1_i1.p1","CAE1299801.1",77.9,453,1.17e-264,750,0
"540","EB3_PN_TRINITY_DN53304_c2_g1_i14.p1","CAE1306055.1",39.7,358,9.35e-69,233,0
"541","EB8_PN_TRINITY_DN1025_c0_g2_i23.p2","CAE1300535.1",50.8,199,4.22e-53,193,0
"542","EB10_PN_TRINITY_DN68808_c0_g1_i1.p1","BAI66449.1",71.8,252,1.06e-134,390,0
"543","EB7_PN_TRINITY_DN89267_c0_g1_i1.p1","BAI66448.1",73,252,2.25e-137,397,0
"544","EB1_MH_TRINITY_DN50397_c4_g2_i1.p1","CAE1264304.1",90.4,115,5.38e-69,219,0
"545","EB1_MH_TRINITY_DN47918_c12_g1_i3.p1","CAE1175655.1",93.1,202,6.03e-127,404,0
"546","EB9_PN_TRINITY_DN3294_c0_g1_i2.p1","MDK0675397.1",52.5,120,4.93e-42,156,0
"547","EB9_PN_TRINITY_DN129_c2_g1_i3.p1","XP_023931810.1",64.2,173,1.51e-79,246,0
"548","EB10_PN_TRINITY_DN5673_c0_g1_i1.p1","MDK0675397.1",57.5,120,5.59e-45,165,0
"549","EB7_PN_TRINITY_DN231_c1_g1_i9.p1","CAE1252570.1",45.3,137,1.64e-33,134,0
"550","EB1_MH_TRINITY_DN50701_c5_g4_i1.p1","XP_014780657.1",81.1,380,1.89e-240,669,0
"551","EB7_PN_TRINITY_DN23176_c0_g1_i2.p1","CAE1246542.1",79.6,906,0,1514,0
"552","EB1_MH_TRINITY_DN54033_c4_g7_i3.p1","CAI9716276.1",29.8,161,1.6e-12,81.3,0
"553","EB10_PN_TRINITY_DN422_c0_g1_i1.p1","CAI9716276.1",29.8,161,2.01e-12,81.3,0
"554","EB3_PN_TRINITY_DN162097_c0_g1_i6.p1","CAE1320665.1",78.8,151,4.88e-77,245,0
"555","EB5_PN_TRINITY_DN90403_c0_g1_i1.p1","XP_021342835.1",44.2,129,3.08e-38,137,0
"556","EB3_PN_TRINITY_DN12972_c8_g1_i4.p1","CAE1238891.1",93.3,341,2.76e-219,648,0
"557","EB5_PN_TRINITY_DN70494_c0_g1_i1.p1","CAE1266532.1",60.5,124,1.64e-56,185,0
"558","EB8_PN_TRINITY_DN51949_c0_g1_i1.p1","XP_061162618.1",51.3,119,4.99e-41,144,0
"559","EB1_MH_TRINITY_DN52906_c9_g5_i6.p1","XP_029656030.1",38.5,174,5.99e-35,136,0
"560","EB5_PN_TRINITY_DN32646_c0_g1_i1.p1","CAE1157630.1",85.2,263,6.08e-159,462,0
"561","EB3_PN_TRINITY_DN66529_c0_g1_i3.p1","CAI9741257.1",62.9,116,9.41e-56,182,0
"562","EB8_PN_TRINITY_DN387_c0_g1_i1.p1","CAI9716276.1",29.3,164,2.08e-13,82,0
"563","EB7_PN_TRINITY_DN56012_c2_g1_i6.p1","ACJ22644.1",71.9,253,6.64e-132,383,0
"564","EB7_PN_TRINITY_DN71587_c0_g1_i1.p1","CAE1251140.1",58.5,205,5.69e-85,265,0
"565","EB4_PN_TRINITY_DN299470_c0_g1_i1.p1","XP_029658029.1",45.1,144,2.86e-35,130,0
"566","EB7_PN_TRINITY_DN1482_c0_g1_i1.p1","CAE1328800.1",81,137,1.11e-75,244,0
"567","EB10_PN_TRINITY_DN12997_c0_g2_i1.p1","CAI9729067.1",76.4,495,7.53e-298,825,0
"568","EB3_PN_TRINITY_DN7687_c0_g1_i1.p1","AAY27981.1",94.9,292,3e-195,553,0
"569","EB10_PN_TRINITY_DN3727_c6_g1_i1.p1","XP_014237294.1",30.1,163,1.19e-14,80.9,0
"570","EB1_MH_TRINITY_DN54320_c3_g5_i1.p1","CAE1252257.1",94.7,76,6.94e-44,163,0
"571","EB10_PN_TRINITY_DN2928_c0_g1_i17.p2","XP_052822919.1",67.4,301,3.11e-139,421,0
"572","EB9_PN_TRINITY_DN431_c0_g1_i1.p1","XP_029646485.1",59.8,281,3.15e-110,335,0
"573","EB5_PN_TRINITY_DN2415_c2_g1_i3.p2","CAI9741841.1",54.2,325,5.97e-107,341,0
"574","EB10_PN_TRINITY_DN1808_c0_g2_i2.p1","CAE1298140.1",80.1,267,2.29e-162,462,0
"575","EB1_MH_TRINITY_DN51312_c7_g4_i3.p1","XP_029646485.1",59.8,281,6.14e-111,335,0
"576","EB10_PN_TRINITY_DN57902_c0_g1_i1.p1","CAE1277609.1",50.8,189,2.14e-60,197,0
"577","EB6_PN_TRINITY_DN5378_c0_g1_i7.p1","CAE1266295.1",80.7,471,2.67e-301,832,0
"578","EB10_PN_TRINITY_DN2715_c0_g2_i1.p1","CAE1271263.1",71.4,91,2.83e-31,125,0
"579","ES1_JR_TRINITY_DN31040_c0_g1_i1.p1","XP_014787454.1",61.3,411,1.16e-174,518,0
"580","ES2_JR_TRINITY_DN2830_c0_g1_i1.p1","CAH1244689.1",37,376,6.61e-71,239,0
"581","ES1_JR_TRINITY_DN84771_c0_g1_i1.p1","CAE1314595.1",68.9,264,1.32e-130,404,0
"582","ES1_JR_TRINITY_DN113_c0_g1_i2.p1","XP_014779194.1",31.4,883,1.66e-83,295,0
"583","ES1_JR_TRINITY_DN30712_c0_g1_i1.p1","XP_014771098.1",62.1,351,6.47e-157,459,0
"584","ES2_JR_TRINITY_DN4716_c6_g1_i1.p1","CAE1298785.1",57.6,738,5.68e-301,845,0
"585","ES2_JR_TRINITY_DN18549_c0_g1_i2.p1","CAE1306498.1",64.8,475,8.23e-194,573,0
"586","ES1_JR_TRINITY_DN30373_c1_g1_i1.p1","XP_052823476.1",80.2,242,1.46e-128,409,0
"587","ES2_JR_TRINITY_DN4212_c0_g1_i1.p1","XP_029633661.1",60.4,604,7.78e-229,677,0
"588","ES2_JR_TRINITY_DN20558_c0_g3_i1.p1","XP_014781599.1",68.9,251,7.17e-123,370,0
"589","ES1_JR_TRINITY_DN30373_c1_g1_i2.p1","XP_052823476.1",80.3,290,9.99e-158,489,0
"590","ES1_JR_TRINITY_DN6297_c0_g1_i1.p1","XP_036368671.1",39,341,3.89e-86,279,0
"591","ES1_JR_TRINITY_DN54756_c0_g1_i4.p1","XP_029635402.1",61,526,1.7e-238,674,0
"592","ES1_JR_TRINITY_DN1501_c0_g1_i1.p1","XP_014767467.1",67.4,552,1.05e-266,748,0
"593","ES1_JR_TRINITY_DN2219_c0_g3_i3.p1","CAE1271131.1",64.5,251,4.55e-111,351,0
"594","ES2_JR_TRINITY_DN2387_c0_g1_i1.p1","XP_029651218.1",59.8,306,1.03e-125,372,0
"595","ES1_JR_TRINITY_DN2219_c0_g3_i2.p1","CAE1271131.1",56.1,301,2.9e-111,351,0
"596","ES2_JR_TRINITY_DN200_c0_g2_i1.p1","CAE1316801.1",65.8,336,7.66e-150,440,0
"597","ES1_JR_TRINITY_DN1077_c0_g1_i1.p1","XP_029636028.1",45.1,809,3.52e-225,666,0
"598","ES2_JR_TRINITY_DN45961_c0_g1_i1.p1","XP_014785291.1",76.7,116,1.97e-49,183,0
"599","ES1_JR_TRINITY_DN19042_c0_g1_i1.p1","CAE1257679.1",86.6,314,5.64e-202,565,0
"600","ES1_JR_TRINITY_DN500_c0_g1_i3.p1","QVQ68751.1",71.6,313,1.26e-162,470,0
"601","ES2_JR_TRINITY_DN29689_c1_g1_i1.p1","QHI00146.1",66.7,354,1.15e-152,476,0
"602","ES2_JR_TRINITY_DN29689_c1_g1_i4.p1","QHI00146.1",67.7,427,7.41e-196,593,0
"603","ES1_JR_TRINITY_DN48_c5_g1_i1.p1","CAE1316801.1",71.6,395,2.51e-201,573,0
"604","ES2_JR_TRINITY_DN17125_c0_g1_i1.p1","CAE1313910.1",77.9,353,5.8e-203,574,0
"605","ES2_JR_TRINITY_DN44877_c0_g1_i1.p1","CAE1148092.1",87.4,350,1.08e-231,654,0
"606","ES1_JR_TRINITY_DN118938_c0_g1_i1.p1","XP_014769334.1",32.8,134,9.34e-12,71.2,0
"607","ES1_JR_TRINITY_DN4746_c1_g1_i2.p1","WOE89250.1",43.4,145,9.14e-27,108,0
"608","ES2_JR_TRINITY_DN12043_c0_g1_i8.p1","CAE1304236.1",70.7,283,2.75e-75,247,0
"609","ES2_JR_TRINITY_DN138980_c0_g1_i1.p1","XP_014786108.1",64.2,215,7.73e-84,261,0
"610","ES1_JR_TRINITY_DN3713_c1_g1_i1.p2","XP_029633790.1",69.5,151,1.57e-66,212,0
"611","ES1_JR_TRINITY_DN15838_c0_g2_i3.p1","CAI9739653.1",71.8,163,1.54e-76,241,0
"612","ES1_JR_TRINITY_DN15838_c0_g2_i1.p1","CAI9739653.1",79.2,149,6.3e-82,254,0
"613","ES1_JR_TRINITY_DN5021_c0_g1_i6.p1","CAE1331777.1",84.3,216,2.84e-115,368,0
"614","ES1_JR_TRINITY_DN64413_c0_g1_i1.p1","XP_029641000.1",61.9,616,1.1e-289,813,0
"615","ES2_JR_TRINITY_DN1244_c0_g1_i3.p1","XP_029633790.1",68.7,201,1.23e-89,273,0
"616","ES2_JR_TRINITY_DN46370_c1_g1_i1.p1","CAE1255074.1",77.1,1039,0,1738,0
"617","ES2_JR_TRINITY_DN4628_c0_g1_i1.p1","CAE1231119.1",76.2,277,2.21e-140,410,0
"618","ES2_JR_TRINITY_DN478_c0_g1_i1.p1","XP_052830250.1",45.7,396,3.66e-113,347,0
"619","ES1_JR_TRINITY_DN25828_c0_g1_i6.p1","XP_052823300.1",88.1,679,0,1183,0
"620","ES1_JR_TRINITY_DN1936_c0_g1_i17.p1","CAE1147228.1",84.2,120,4.62e-59,204,0
"621","ES1_JR_TRINITY_DN132155_c0_g1_i1.p1","XP_029640805.1",74.9,630,0,956,0
"622","ES1_JR_TRINITY_DN1936_c0_g1_i5.p1","XP_052827295.1",69,339,7.5e-141,447,0
"623","ES2_JR_TRINITY_DN35386_c0_g1_i3.p1","CAE1323243.1",80.6,470,1.77e-293,815,0
"624","ES1_JR_TRINITY_DN51733_c0_g1_i2.p1","XP_029636875.1",70.7,229,6.13e-112,348,0
"625","ES1_JR_TRINITY_DN189_c6_g1_i1.p1","CAI9739057.1",73.4,440,6.09e-264,735,0
"626","ES1_JR_TRINITY_DN2626_c0_g1_i3.p1","CAE1157554.1",75.3,392,9.87e-186,557,0
"627","ES1_JR_TRINITY_DN85759_c0_g1_i1.p1","CAI9732236.1",62.3,494,7.98e-238,671,0
"628","ES1_JR_TRINITY_DN22996_c2_g1_i3.p1","XP_052823416.1",71.1,598,0,904,0
"629","ES2_JR_TRINITY_DN35368_c1_g1_i3.p1","XP_041350337.1",61.8,249,1.01e-99,302,0
"630","ES1_JR_TRINITY_DN8528_c0_g1_i1.p1","CAE1137474.1",83.4,470,3.27e-293,812,0
"631","ES2_JR_TRINITY_DN26177_c0_g2_i2.p1","XP_014781698.2",61,277,1.22e-109,337,0
"632","ES1_JR_TRINITY_DN28298_c0_g1_i2.p1","XP_029635580.1",85.4,308,2.56e-193,547,0
"633","ES2_JR_TRINITY_DN45961_c0_g1_i2.p1","XP_014785291.1",74.7,162,7.97e-77,258,0
"634","ES2_JR_TRINITY_DN514_c0_g1_i29.p1","CAE1147229.1",65.9,417,2.02e-173,511,0
"635","ES1_JR_TRINITY_DN309_c0_g1_i17.p1","CAE1147228.1",90.8,119,3.24e-68,229,0
"636","ES1_JR_TRINITY_DN4664_c0_g1_i5.p1","CAE1282272.1",84.3,89,4.47e-39,142,0
"637","ES1_JR_TRINITY_DN309_c0_g1_i22.p1","XP_052827290.1",82.6,321,1.27e-175,546,0
"638","ES1_JR_TRINITY_DN52041_c0_g1_i2.p1","CAE1169015.1",48.2,226,4.33e-65,215,0
"639","ES2_JR_TRINITY_DN90238_c0_g1_i1.p1","KAK3084457.1",45.9,172,2.68e-49,169,0
"640","ES1_JR_TRINITY_DN5484_c0_g1_i10.p1","XP_036363965.1",61.8,251,1.4e-109,330,0
"641","ES2_JR_TRINITY_DN7792_c0_g1_i1.p1","XP_036363918.1",78.8,222,8.31e-121,356,0
"642","ES1_JR_TRINITY_DN52041_c0_g1_i1.p1","CAE1169015.1",48.2,226,2.88e-64,215,0
"643","ES1_JR_TRINITY_DN28298_c0_g1_i1.p1","XP_029635580.1",75.9,395,4.02e-211,595,0
"644","ES2_JR_TRINITY_DN683_c1_g1_i9.p1","CAI9720776.1",71.6,415,9.33e-205,583,0
"645","ES1_JR_TRINITY_DN4270_c2_g1_i1.p1","CAE1288317.1",70.9,525,1.42e-292,820,0
"646","ES1_JR_TRINITY_DN12664_c0_g1_i3.p1","CAI9734764.1",82.9,673,0,1160,0
"647","ES2_JR_TRINITY_DN21117_c0_g1_i1.p1","XP_052824233.1",63.6,165,3.24e-71,229,0
"648","ES1_JR_TRINITY_DN11139_c0_g1_i1.p1","CAE1245480.1",68.7,300,1.21e-141,416,0
"649","ES1_JR_TRINITY_DN891_c0_g1_i1.p1","CAE1266505.1",52.6,666,2.62e-193,568,0
"650","ES1_JR_TRINITY_DN737_c0_g1_i1.p1","QHI00148.1",83.2,161,2.65e-93,278,0
"651","ES2_JR_TRINITY_DN1755_c0_g2_i1.p1","CAE1178314.1",82.6,396,6.4e-259,718,0
"652","ES2_JR_TRINITY_DN9180_c0_g1_i4.p1","CAI9728999.1",69.1,712,0,1106,0
"653","ES1_JR_TRINITY_DN1215_c2_g2_i1.p1","XP_029654851.1",73.9,495,5.85e-274,763,0
"654","ES1_JR_TRINITY_DN12942_c0_g2_i5.p1","CAE1323305.1",92.7,150,6.08e-89,280,0
"655","ES1_JR_TRINITY_DN1338_c0_g1_i1.p1","CAE1268834.1",79.5,351,7.71e-205,576,0
"656","ES1_JR_TRINITY_DN6749_c0_g1_i2.p1","CAE1178314.1",77.9,393,6.17e-240,670,0
"657","ES2_JR_TRINITY_DN301_c1_g1_i1.p1","XP_029654851.1",73.9,495,4.12e-274,763,0
"658","ES2_JR_TRINITY_DN3992_c0_g1_i2.p1","CAE1292234.1",84.5,522,0,879,0
"659","ES1_JR_TRINITY_DN19174_c0_g1_i2.p1","XP_029658430.1",81.9,507,6.36e-300,832,0
"660","ES1_JR_TRINITY_DN515_c4_g1_i5.p1","CAI9737811.1",67.7,192,2.81e-93,286,0
"661","ES1_JR_TRINITY_DN59486_c0_g1_i1.p1","CAE1316953.1",83.8,334,3.94e-197,587,0
"662","ES2_JR_TRINITY_DN13301_c0_g1_i11.p1","CAE1248541.1",36.5,600,4.75e-105,338,0
"663","ES1_JR_TRINITY_DN5484_c0_g1_i1.p1","XP_036363965.1",55.6,133,3.39e-45,161,0
"664","ES1_JR_TRINITY_DN17301_c0_g2_i3.p1","CAI9714745.1",40.5,755,4.53e-199,597,0
"665","ES1_JR_TRINITY_DN24284_c0_g1_i4.p1","CAE1160864.1",64.3,1215,0,1520,0
"666","ES1_JR_TRINITY_DN6448_c0_g1_i6.p1","CAE1303696.1",73.4,467,2.05e-244,689,0
"667","ES2_JR_TRINITY_DN1038_c1_g1_i5.p1","CAE1165835.1",93.7,639,0,1247,0
"668","ES2_JR_TRINITY_DN13219_c1_g1_i1.p1","CAE1291509.1",84.1,741,0,1276,0
"669","ES1_JR_TRINITY_DN1438_c0_g1_i1.p1","CAE1323101.1",94,201,2.75e-135,387,0
"670","ES2_JR_TRINITY_DN32633_c0_g1_i5.p1","CAI9723876.1",64.9,485,1.26e-222,633,0
"671","ES1_JR_TRINITY_DN6448_c0_g1_i10.p1","CAE1303696.1",72.8,471,4.58e-247,695,0
"672","ES1_JR_TRINITY_DN454_c0_g1_i2.p1","XP_029634835.1",79.3,706,0,1127,0
"673","ES1_JR_TRINITY_DN78367_c0_g2_i1.p1","CAE1277398.1",82.2,471,1.64e-293,832,0
"674","ES1_JR_TRINITY_DN454_c0_g1_i7.p1","XP_029634835.1",79.4,705,0,1130,0
"675","ES2_JR_TRINITY_DN85044_c0_g1_i1.p1","CAE1290657.1",80.9,309,1.48e-196,553,0
"676","ES1_JR_TRINITY_DN454_c0_g1_i6.p1","XP_052823104.1",86.9,616,0,1121,0
"677","ES2_JR_TRINITY_DN3184_c3_g1_i1.p1","AFV94409.1",99.9,1406,0,2776,0
"678","ES1_JR_TRINITY_DN35811_c0_g1_i1.p1","XP_029636609.1",61.3,142,1.21e-56,184,0
"679","ES1_JR_TRINITY_DN2878_c0_g1_i1.p1","XP_029645037.1",49.2,181,1.69e-52,177,0
"680","ES1_JR_TRINITY_DN27275_c0_g1_i2.p1","CAE1282782.1",76.3,679,0,1067,0
"681","ES1_JR_TRINITY_DN892_c0_g1_i1.p1","CAE1258775.1",87.8,123,3.96e-78,239,0
"682","ES1_JR_TRINITY_DN103211_c0_g1_i1.p1","CAE1286244.1",61.1,339,7.15e-145,423,0
"683","ES1_JR_TRINITY_DN7102_c0_g2_i6.p1","CAI9744003.1",56,116,1.57e-39,141,0
"684","ES2_JR_TRINITY_DN8088_c0_g1_i3.p1","CAE1329647.1",47.6,206,9.86e-48,178,0
"685","ES1_JR_TRINITY_DN15714_c0_g1_i1.p1","XP_014781273.1",63.8,141,1.56e-61,196,0
"686","ES2_JR_TRINITY_DN108150_c0_g1_i1.p1","CAE1286049.1",82.8,443,6.93e-266,740,0
"687","ES1_JR_TRINITY_DN2481_c0_g1_i2.p1","CAE1272941.1",75.6,431,6.21e-240,673,0
"688","ES1_JR_TRINITY_DN63735_c0_g1_i1.p1","CAI9731002.1",84.7,111,5.77e-58,193,0
"689","ES2_JR_TRINITY_DN372_c0_g1_i3.p1","CAI9715155.1",58.4,365,1.26e-161,468,0
"690","ES2_JR_TRINITY_DN1974_c1_g1_i3.p1","CAE1318502.1",89.8,236,1.42e-137,458,0
"691","ES1_JR_TRINITY_DN8925_c0_g1_i5.p1","XP_014784837.1",68.5,723,0,1141,0
"692","ES1_JR_TRINITY_DN776_c0_g1_i3.p1","XP_052832783.1",75.6,332,2.02e-172,495,0
"693","ES1_JR_TRINITY_DN30676_c0_g1_i1.p1","CAE1265924.1",75.3,372,4.34e-215,604,0
"694","ES1_JR_TRINITY_DN4384_c1_g1_i1.p1","CAE1325406.1",87.4,571,0,1028,0
"695","ES1_JR_TRINITY_DN454_c0_g1_i3.p1","XP_052823104.1",86.5,245,4.95e-151,445,0
"696","ES2_JR_TRINITY_DN9998_c0_g1_i1.p1","CAE1311892.1",74.2,151,1.65e-78,246,0
"697","ES2_JR_TRINITY_DN8938_c0_g1_i3.p1","CAE1274102.1",74.3,836,0,1380,0
"698","ES2_JR_TRINITY_DN8088_c0_g1_i6.p1","CAE1329647.1",51.4,346,8.26e-107,340,0
"699","ES1_JR_TRINITY_DN101930_c0_g1_i2.p1","XP_014778626.1",71.4,353,8.64e-193,547,0
"700","ES1_JR_TRINITY_DN118396_c0_g1_i1.p1","CAE1267166.1",87.4,508,0,923,0
"701","ES1_JR_TRINITY_DN1197_c0_g1_i2.p1","AHH31547.1",82.3,158,1.66e-74,230,0
"702","ES1_JR_TRINITY_DN7447_c0_g4_i1.p2","CAE1288601.1",82.3,130,3.36e-65,207,0
"703","ES2_JR_TRINITY_DN49132_c0_g1_i1.p1","XP_029635916.1",43.8,276,1.95e-76,247,0
"704","ES1_JR_TRINITY_DN5021_c1_g2_i1.p1","CAE1328170.1",89.3,253,8.03e-172,488,0
"705","ES1_JR_TRINITY_DN776_c0_g1_i5.p1","CAI9740978.1",74.8,329,1.02e-174,498,0
"706","ES1_JR_TRINITY_DN1197_c0_g1_i1.p1","AHH31546.1",85.7,147,9.24e-69,215,0
"707","ES1_JR_TRINITY_DN12611_c1_g2_i3.p1","CAE1156049.1",79.6,338,8.82e-202,568,0
"708","ES1_JR_TRINITY_DN59622_c0_g1_i1.p1","CAE1303697.1",92.4,198,2.71e-134,388,0
"709","ES1_JR_TRINITY_DN1862_c0_g1_i1.p1","XP_029657579.1",73.3,480,1.09e-256,720,0
"710","ES1_JR_TRINITY_DN59622_c0_g1_i2.p1","CAE1303700.1",92.8,223,3.4e-154,441,0
"711","ES1_JR_TRINITY_DN15639_c0_g1_i1.p1","CAE1293597.1",61.4,298,5.78e-103,315,0
"712","ES2_JR_TRINITY_DN85995_c0_g1_i2.p1","CAE1306566.1",79.7,782,0,1322,0
"713","ES1_JR_TRINITY_DN2400_c0_g1_i1.p1","XP_014774895.1",56.3,487,6.98e-200,575,0
"714","ES2_JR_TRINITY_DN43539_c1_g1_i1.p1","CAE1319312.1",72.3,372,5.21e-185,550,0
"715","ES1_JR_TRINITY_DN8167_c0_g1_i3.p1","CAE1329647.1",56.5,439,6.87e-166,496,0
"716","ES1_JR_TRINITY_DN30887_c0_g1_i9.p1","CAE1297656.1",76.2,353,1.33e-191,543,0
"717","ES2_JR_TRINITY_DN123027_c0_g1_i1.p1","XP_043935577.1",31,129,4.1e-06,57,0
"718","ES2_JR_TRINITY_DN23003_c0_g1_i3.p1","XP_029640264.1",70,697,0,1087,0
"719","ES2_JR_TRINITY_DN23003_c0_g1_i5.p1","XP_029640265.1",68.4,636,0,962,0
"720","ES2_JR_TRINITY_DN23003_c0_g1_i11.p1","XP_029640265.1",69.9,632,0,987,0
"721","ES1_JR_TRINITY_DN1486_c0_g2_i1.p1","XP_029646978.1",37.8,209,2.32e-49,170,0
"722","ES1_JR_TRINITY_DN5533_c3_g1_i1.p1","CAE1294596.1",86.5,171,3.26e-106,323,0
"723","ES2_JR_TRINITY_DN16832_c0_g2_i1.p1","CAE1233746.1",74.9,447,6.29e-256,715,0
"724","ES1_JR_TRINITY_DN103214_c0_g1_i2.p1","KAH7972791.1",52.3,111,6.23e-38,136,0
"725","ES1_JR_TRINITY_DN922_c0_g2_i1.p1","CAE1328800.1",83.9,472,9.62e-301,830,0
"726","ES1_JR_TRINITY_DN34087_c0_g1_i2.p1","CAE1306566.1",81.1,169,2.76e-90,291,0
"727","ES2_JR_TRINITY_DN4276_c0_g2_i2.p1","CAE1258858.1",80.7,305,2.11e-181,517,0
"728","ES1_JR_TRINITY_DN10833_c0_g1_i1.p1","CAE1315989.1",80.4,623,0,1050,0
"729","ES2_JR_TRINITY_DN5952_c0_g1_i4.p1","CAE1266295.1",78.5,158,3.62e-86,272,0
"730","ES2_JR_TRINITY_DN6752_c0_g1_i1.p1","CAE1271263.1",90.8,382,9.79e-255,706,0
"731","ES1_JR_TRINITY_DN9923_c0_g2_i1.p1","CAE1247237.1",87.9,165,4.06e-115,337,0
"732","ES1_JR_TRINITY_DN132081_c0_g1_i1.p1","XP_029649863.1",60.1,542,2.16e-189,552,0
"733","ES1_JR_TRINITY_DN6749_c0_g1_i1.p2","CAE1178315.1",79.7,187,1.43e-112,340,0
"734","ES1_JR_TRINITY_DN3111_c0_g1_i1.p1","CAE1175236.1",88.9,361,2.67e-245,679,0
"735","ES2_JR_TRINITY_DN6444_c1_g1_i2.p1","CAE1157581.1",87.3,189,2.14e-106,326,0
"736","ES1_JR_TRINITY_DN3267_c0_g2_i2.p1","CAE1266295.1",79.2,351,2.63e-216,611,0
"737","ES1_JR_TRINITY_DN101930_c0_g1_i1.p1","XP_014778618.1",68.8,394,8.19e-197,558,0
"738","ES2_JR_TRINITY_DN13868_c0_g4_i12.p1","CAI9737408.1",89.6,115,1.02e-67,224,0
"739","ES2_JR_TRINITY_DN38546_c1_g1_i2.p1","XP_029646879.1",52.7,222,2.61e-80,250,0
"740","ES1_JR_TRINITY_DN2291_c4_g4_i3.p1","CAE1258858.1",80.8,385,1.72e-238,665,0
"741","ES1_JR_TRINITY_DN105853_c0_g1_i1.p1","CAE1226617.1",84.9,365,2.35e-231,654,0
"742","ES1_JR_TRINITY_DN15789_c2_g1_i1.p1","CAE1236816.1",84.5,264,1.86e-157,456,0
"743","ES2_JR_TRINITY_DN13715_c0_g1_i2.p1","CAI9716276.1",31.4,159,1.06e-13,85.1,0
"744","ES2_JR_TRINITY_DN174247_c0_g1_i1.p1","CAE1266532.1",63.2,117,2.01e-57,187,0
"745","ES1_JR_TRINITY_DN5744_c0_g1_i11.p1","CAI9737409.1",60.8,199,1.12e-51,181,0
"746","ES2_JR_TRINITY_DN9500_c0_g1_i1.p1","CAI9729067.1",76.8,495,7.9e-300,830,0
"747","ES1_JR_TRINITY_DN1713_c0_g1_i1.p1","CAE1246888.1",38.1,706,1.12e-145,444,0
"748","ES1_JR_TRINITY_DN264_c0_g1_i1.p1","CAE1309418.1",79,252,8.67e-101,321,0
"749","ES2_JR_TRINITY_DN21345_c0_g1_i1.p1","CAE1298140.1",80.5,267,5.44e-163,464,0
"750","ES2_JR_TRINITY_DN27183_c0_g1_i1.p1","CAE1328965.1",59.2,223,2.34e-83,263,0
"751","ES2_JR_TRINITY_DN954_c3_g1_i2.p1","CAE1277609.1",50.3,189,3.74e-61,199,0
"752","ES2_JR_TRINITY_DN14666_c0_g1_i1.p1","CAE1238891.1",85.9,99,1.41e-46,172,0
"753","HM2_PD_TRINITY_DN4535_c0_g1_i1.p1","XP_014781514.1",79.7,1160,0,1617,0
"754","HM2_PD_TRINITY_DN4489_c0_g1_i1.p1","XP_014785782.1",78,1061,0,1080,0
"755","HM2_PD_TRINITY_DN41439_c0_g1_i1.p1","XP_014790950.1",92.9,646,0,1251,0
"756","HM1_PD_TRINITY_DN45940_c0_g1_i1.p1","XP_014773468.1",84.1,648,0,1143,0
"757","HM2_PD_TRINITY_DN2781_c0_g1_i2.p1","XP_014777862.1",72,640,0,997,0
"758","HM2_PD_TRINITY_DN1282_c0_g1_i8.p1","XP_029645281.1",77.4,1946,0,2627,0
"759","HM3_PD_TRINITY_DN4277_c0_g2_i4.p1","XP_029638726.1",89.8,884,0,963,0
"760","HM1_PD_TRINITY_DN11079_c0_g2_i1.p1","XP_014773178.1",77.2,492,2.13e-299,827,0
"761","HM3_PD_TRINITY_DN5595_c5_g1_i1.p1","XP_014776300.1",92.6,880,0,1570,0
"762","HM3_PD_TRINITY_DN109583_c0_g1_i1.p1","XP_052823062.1",92.4,1474,0,2620,0
"763","HM3_PD_TRINITY_DN12683_c0_g1_i33.p2","CAI9728176.1",89.4,756,0,1346,0
"764","HM3_PD_TRINITY_DN96980_c0_g1_i1.p1","CAI9730593.1",96.1,1017,0,1985,0
"765","HM1_PD_TRINITY_DN497_c0_g1_i1.p1","XP_014781344.1",86.2,843,1.46e-276,797,0
"766","HM3_PD_TRINITY_DN1454_c9_g1_i1.p1","CAI9725852.1",91.2,1144,0,1187,0
"767","HM2_PD_TRINITY_DN3242_c4_g1_i1.p1","AHX00578.1",88.1,412,2.82e-261,724,0
"768","HM1_PD_TRINITY_DN8175_c0_g2_i3.p1","XP_029634984.2",93.6,1101,0,2013,0
"769","HM2_PD_TRINITY_DN4184_c0_g2_i8.p1","XP_014781787.1",77.4,492,2.53e-294,814,0
"770","HM1_PD_TRINITY_DN8248_c0_g1_i1.p1","XP_029639699.1",74.1,347,8.76e-204,587,0
"771","HM2_PD_TRINITY_DN2752_c0_g1_i3.p1","CAI9731451.1",90.6,934,0,1765,0
"772","HM3_PD_TRINITY_DN2707_c1_g1_i1.p1","CAI9718836.1",84.2,1684,0,2735,0
"773","HM3_PD_TRINITY_DN2397_c2_g1_i2.p1","CAI9743367.1",83,524,0,890,0
"774","HM3_PD_TRINITY_DN15427_c0_g1_i1.p1","XP_036367304.1",96.7,731,0,1538,0
"775","HM3_PD_TRINITY_DN3527_c4_g1_i1.p1","CAI9738799.1",85.5,822,0,1410,0
"776","HM1_PD_TRINITY_DN19658_c0_g1_i1.p1","XP_014783603.1",93.8,688,0,1265,0
"777","HM2_PD_TRINITY_DN1351_c2_g2_i2.p1","XP_014771710.1",85.8,183,1.53e-99,311,0
"778","HM1_PD_TRINITY_DN44381_c0_g1_i1.p1","XP_014789765.1",92.5,482,0,876,0
"779","HM1_PD_TRINITY_DN18398_c0_g1_i1.p1","XP_014771098.1",89.7,360,2.27e-243,674,0
"780","HM3_PD_TRINITY_DN2800_c0_g1_i2.p1","XP_036360555.1",84.3,1964,0,2873,0
"781","HM3_PD_TRINITY_DN3467_c0_g1_i1.p1","XP_029643435.1",92.1,921,0,1705,0
"782","HM1_PD_TRINITY_DN79582_c0_g1_i1.p1","XP_029658109.2",89.9,526,0,961,0
"783","HM1_PD_TRINITY_DN66783_c0_g1_i1.p1","XP_014768645.1",91.5,284,1.46e-194,544,0
"784","HM1_PD_TRINITY_DN3640_c2_g1_i1.p1","XP_029635402.1",90.5,539,0,1041,0
"785","HM1_PD_TRINITY_DN1026_c0_g1_i13.p1","CAI9739629.1",74.1,2343,0,3112,0
"786","HM3_PD_TRINITY_DN13651_c0_g1_i2.p1","XP_014781594.1",89.7,418,1.69e-260,722,0
"787","HM1_PD_TRINITY_DN3446_c0_g1_i1.p1","XP_029635394.1",96.5,426,1.49e-306,839,0
"788","HM3_PD_TRINITY_DN2172_c0_g2_i1.p1","XP_036368773.1",93.9,537,0,1043,0
"789","HM1_PD_TRINITY_DN77377_c0_g1_i1.p1","XP_014773316.1",93,457,0,881,0
"790","HM2_PD_TRINITY_DN249_c0_g1_i61.p1","XP_036364381.1",68,300,1.15e-131,439,0
"791","HM2_PD_TRINITY_DN4184_c0_g2_i1.p1","XP_014781787.1",82.5,355,4.89e-225,633,0
"792","HM1_PD_TRINITY_DN44707_c0_g1_i1.p1","XP_029651218.1",82.2,314,1.49e-186,526,0
"793","HM1_PD_TRINITY_DN706_c0_g3_i6.p1","XP_014779763.1",87.8,1258,0,955,0
"794","HM1_PD_TRINITY_DN706_c0_g3_i2.p1","XP_014779757.1",86.5,1280,0,951,0
"795","HM3_PD_TRINITY_DN804_c0_g1_i1.p1","XP_036356791.1",63,1423,0,1189,0
"796","HM1_PD_TRINITY_DN134_c0_g2_i3.p1","XP_029633229.1",81,979,0,1046,0
"797","HM3_PD_TRINITY_DN4612_c0_g1_i1.p1","XP_014767793.1",98.9,265,5.26e-109,326,0
"798","HM1_PD_TRINITY_DN9859_c0_g2_i2.p1","XP_014781544.1",90.3,1779,0,2896,0
"799","HM3_PD_TRINITY_DN3327_c1_g1_i1.p1","XP_014778726.1",92.8,3512,0,6941,0
"800","HM2_PD_TRINITY_DN1351_c2_g2_i1.p1","XP_014771710.1",85.8,183,3.45e-99,311,0
"801","HM3_PD_TRINITY_DN6680_c2_g1_i2.p1","XP_014775692.1",89.5,410,1.21e-266,737,0
"802","HM2_PD_TRINITY_DN2183_c0_g1_i2.p1","XP_029651661.2",97.2,215,4.67e-127,393,0
"803","HM1_PD_TRINITY_DN10704_c0_g1_i1.p1","XP_052822895.1",86,401,7.75e-258,714,0
"804","HM3_PD_TRINITY_DN43_c1_g1_i51.p1","CAI9741261.1",90.6,4865,0,8062,0
"805","HM1_PD_TRINITY_DN43_c0_g1_i4.p1","XP_014778358.1",86.9,413,6.83e-258,715,0
"806","HM1_PD_TRINITY_DN3968_c0_g1_i2.p1","XP_029651661.2",95,221,5.78e-128,395,0
"807","HM1_PD_TRINITY_DN2469_c1_g1_i2.p1","XP_029656226.1",71.4,213,3.83e-104,311,0
"808","HM1_PD_TRINITY_DN2653_c2_g1_i4.p1","CAI9734207.1",92,837,0,1598,0
"809","HM3_PD_TRINITY_DN16943_c0_g1_i1.p1","CAI9744255.1",50,158,7.74e-39,141,0
"810","HM1_PD_TRINITY_DN56962_c0_g1_i1.p1","XP_052824422.1",87.3,157,4.14e-82,275,0
"811","HM3_PD_TRINITY_DN13352_c0_g1_i1.p2","XP_014768919.1",94.9,175,8.08e-110,348,0
"812","HM3_PD_TRINITY_DN15359_c0_g1_i1.p1","QHX41555.1",93.8,610,0,1208,0
"813","HM1_PD_TRINITY_DN3566_c0_g1_i4.p1","XP_029643608.1",84.6,435,1.78e-282,779,0
"814","HM1_PD_TRINITY_DN83_c0_g1_i1.p1","XP_029656077.1",96.9,817,0,1622,0
"815","HM3_PD_TRINITY_DN19502_c0_g1_i1.p1","CAI9737162.1",95,1228,0,2256,0
"816","HM1_PD_TRINITY_DN8629_c1_g2_i1.p1","XP_052828401.1",88.7,353,9.89e-209,586,0
"817","HM2_PD_TRINITY_DN334_c1_g6_i1.p1","XP_014781533.1",93.1,625,0,1164,0
"818","HM2_PD_TRINITY_DN2700_c0_g1_i7.p1","XP_036368557.1",95.1,427,6.09e-307,840,0
"819","HM2_PD_TRINITY_DN2700_c0_g1_i3.p1","XP_029650035.1",98.6,424,0,868,0
"820","HM1_PD_TRINITY_DN544_c0_g2_i1.p1","XP_029650387.1",93.5,810,0,1082,0
"821","HM1_PD_TRINITY_DN3824_c0_g1_i1.p1","XP_052831865.1",97.5,238,8.82e-148,422,0
"822","HM3_PD_TRINITY_DN2799_c0_g1_i2.p1","XP_029640875.1",63.9,1088,0,1298,0
"823","HM1_PD_TRINITY_DN3443_c1_g1_i5.p1","CAI9719306.1",93.4,288,3.66e-53,218,0
"824","HM3_PD_TRINITY_DN1030_c0_g2_i7.p1","XP_029636043.1",91.2,1032,0,1941,0
"825","HM1_PD_TRINITY_DN78106_c0_g1_i1.p1","XP_014774571.1",91.7,350,2.02e-245,679,0
"826","HM3_PD_TRINITY_DN2406_c0_g1_i1.p1","XP_052830250.1",90.7,398,1.02e-258,716,0
"827","HM1_PD_TRINITY_DN4002_c0_g1_i2.p1","CAI9739076.1",85.3,477,0,900,0
"828","HM1_PD_TRINITY_DN2297_c0_g1_i3.p2","XP_014788951.1",92,499,0,1008,0
"829","HM1_PD_TRINITY_DN8463_c0_g1_i4.p1","CAI9733967.1",88.7,451,1.15e-282,781,0
"830","HM2_PD_TRINITY_DN958_c5_g1_i1.p1","XP_014769556.1",90,461,0,897,0
"831","HM3_PD_TRINITY_DN1064_c0_g1_i6.p2","CAI9728994.1",87.7,308,6.69e-197,589,0
"832","HM3_PD_TRINITY_DN15525_c3_g1_i2.p1","XP_029638448.1",94.4,1219,0,2460,0
"833","HM3_PD_TRINITY_DN4436_c0_g1_i13.p1","XP_052823841.1",81,537,4.51e-292,850,0
"834","HM3_PD_TRINITY_DN13391_c0_g1_i6.p1","XP_052822982.1",83.6,2334,0,3764,0
"835","HM3_PD_TRINITY_DN229_c7_g4_i1.p1","CAI9739312.1",92.5,1033,0,2033,0
"836","HM1_PD_TRINITY_DN1858_c0_g1_i4.p1","XP_029648127.1",92.9,851,0,1635,0
"837","HM2_PD_TRINITY_DN2126_c1_g1_i2.p1","CAI9719306.1",93.4,288,1.53e-53,218,0
"838","HM1_PD_TRINITY_DN44969_c0_g1_i1.p1","XP_052821513.1",92.6,744,0,1399,0
"839","HM1_PD_TRINITY_DN7287_c0_g2_i2.p1","XP_052823416.1",96.2,629,0,1239,0
"840","HM1_PD_TRINITY_DN2702_c1_g2_i5.p1","XP_014774139.1",69.9,359,2.56e-161,466,0
"841","HM3_PD_TRINITY_DN11450_c0_g1_i1.p1","XP_014768745.1",85.5,393,2.7e-238,695,0
"842","HM3_PD_TRINITY_DN75_c2_g1_i2.p1","QBA31154.1",91.9,1514,0,2807,0
"843","HM1_PD_TRINITY_DN282_c0_g2_i2.p1","XP_029645346.1",92.8,250,4.94e-160,454,0
"844","HM3_PD_TRINITY_DN17248_c0_g1_i4.p1","XP_014769613.1",94.4,520,0,993,0
"845","HM3_PD_TRINITY_DN3936_c0_g1_i8.p1","XP_014767871.1",98.6,831,0,1688,0
"846","HM2_PD_TRINITY_DN931_c1_g3_i1.p1","XP_014770566.1",81.5,1706,0,2711,0
"847","HM2_PD_TRINITY_DN9998_c0_g1_i1.p1","CAI9723606.1",78.9,880,0,1437,0
"848","HM3_PD_TRINITY_DN1596_c0_g1_i1.p1","CAI9724157.1",93.7,1779,0,3341,0
"849","HM2_PD_TRINITY_DN6373_c1_g1_i1.p1","XP_014784457.1",65.2,529,1.65e-252,717,0
"850","HM3_PD_TRINITY_DN4956_c4_g1_i1.p1","XP_052826203.1",94,480,0,941,0
"851","HM2_PD_TRINITY_DN1854_c0_g1_i10.p1","XP_052827290.1",96.5,1059,0,2066,0
"852","HM1_PD_TRINITY_DN449_c0_g2_i1.p1","XP_052830861.1",99.6,232,2.36e-141,488,0
"853","HM1_PD_TRINITY_DN4002_c0_g1_i12.p2","XP_014782908.1",86.6,477,0,910,0
"854","HM3_PD_TRINITY_DN3447_c3_g1_i4.p1","XP_014781698.2",92.5,479,0,879,0
"855","HM1_PD_TRINITY_DN18065_c0_g1_i1.p1","CAI9731237.1",75.8,384,1.47e-205,580,0
"856","HM1_PD_TRINITY_DN623_c0_g1_i1.p1","XP_052830603.1",98.4,244,1.73e-149,514,0
"857","HM1_PD_TRINITY_DN18065_c0_g1_i2.p1","CAI9731237.1",64.6,384,1.8e-164,474,0
"858","HM1_PD_TRINITY_DN951_c5_g1_i1.p1","XP_014777908.1",97.3,301,7.84e-235,647,0
"859","HM3_PD_TRINITY_DN4056_c1_g1_i2.p1","XP_029644049.1",93.2,661,0,1313,0
"860","HM3_PD_TRINITY_DN9982_c1_g1_i4.p1","XP_052824343.1",92,187,1.68e-111,345,0
"861","HM3_PD_TRINITY_DN2583_c0_g1_i3.p1","XP_029643702.1",95.8,265,8.44e-185,520,0
"862","HM1_PD_TRINITY_DN47514_c0_g1_i1.p1","XP_029650497.1",86.5,347,4.9e-232,657,0
"863","HM2_PD_TRINITY_DN13157_c4_g1_i1.p1","XP_014775643.1",68,150,5.32e-74,229,0
"864","HM1_PD_TRINITY_DN1013_c0_g2_i2.p1","XP_014786938.1",84.4,584,9.85e-268,754,0
"865","HM1_PD_TRINITY_DN413_c0_g1_i1.p1","XP_029653036.1",77.4,261,4.99e-156,445,0
"866","HM1_PD_TRINITY_DN1013_c0_g2_i1.p1","XP_014786940.1",87.6,549,9.83999999999999e-274,766,0
"867","HM3_PD_TRINITY_DN3540_c0_g1_i2.p1","XP_029636121.1",92.5,160,1.44e-111,336,0
"868","HM2_PD_TRINITY_DN7966_c1_g1_i3.p1","XP_052824249.1",44,661,4.55e-162,488,0
"869","HM2_PD_TRINITY_DN4872_c0_g1_i2.p1","CAI9723269.1",98.8,320,4.11e-228,652,0
"870","HM1_PD_TRINITY_DN69117_c0_g1_i1.p1","XP_029638389.1",81.3,155,2.12e-90,270,0
"871","HM2_PD_TRINITY_DN5417_c0_g1_i1.p1","XP_029636121.1",98.2,165,7.7e-124,363,0
"872","HM3_PD_TRINITY_DN3540_c0_g1_i5.p2","CAI9722561.1",95.7,116,2.11e-76,242,0
"873","HM1_PD_TRINITY_DN68037_c0_g1_i2.p2","XP_052824233.1",97.3,113,2.45e-77,242,0
"874","HM1_PD_TRINITY_DN46718_c0_g1_i1.p1","XP_014769053.1",66.7,186,1.35e-94,283,0
"875","HM2_PD_TRINITY_DN5433_c0_g1_i2.p1","XP_029643608.1",85.8,289,1.09e-185,528,0
"876","HM3_PD_TRINITY_DN1662_c0_g1_i8.p1","XP_029640265.1",90.8,640,0,1250,0
"877","HM2_PD_TRINITY_DN24079_c0_g1_i1.p1","XP_029638351.1",92.3,156,6.67e-107,312,0
"878","HM1_PD_TRINITY_DN239_c0_g1_i1.p1","XP_029637263.1",49.7,143,1.02e-47,162,0
"879","HM1_PD_TRINITY_DN4_c4_g1_i1.p1","XP_014770381.1",89.8,322,3.03e-206,577,0
"880","HM2_PD_TRINITY_DN2139_c1_g1_i4.p1","CAI9741916.1",89.2,379,1.83e-254,704,0
"881","HM3_PD_TRINITY_DN19106_c0_g1_i2.p1","XP_052825725.1",86,392,3.23e-254,704,0
"882","HM3_PD_TRINITY_DN33075_c0_g1_i3.p1","XP_029646973.1",90.3,917,0,1698,0
"883","HM2_PD_TRINITY_DN130_c0_g3_i2.p1","CAI9744251.1",71.2,219,1.58e-63,207,0
"884","HM2_PD_TRINITY_DN19129_c0_g1_i1.p1","XP_029650275.1",93.3,480,0,885,0
"885","HM1_PD_TRINITY_DN32747_c0_g1_i1.p1","XP_052826943.1",96.6,506,0,1054,0
"886","HM3_PD_TRINITY_DN5974_c1_g1_i10.p1","XP_036367066.1",90.1,203,8.06e-116,358,0
"887","HM3_PD_TRINITY_DN11307_c0_g1_i2.p1","CAI9728999.1",65.8,830,0,1103,0
"888","HM1_PD_TRINITY_DN543_c3_g1_i1.p1","XP_014775592.1",90.3,497,0,951,0
"889","HM1_PD_TRINITY_DN17063_c0_g1_i1.p1","XP_014775432.1",87.9,406,7.73e-274,755,0
"890","HM2_PD_TRINITY_DN1259_c0_g1_i4.p1","XP_014774608.1",95,928,0,1835,0
"891","HM1_PD_TRINITY_DN1182_c0_g1_i1.p1","XP_036363882.1",91.2,194,5.87e-132,380,0
"892","HM3_PD_TRINITY_DN1389_c0_g1_i5.p1","XP_036370794.1",61.9,362,1.17e-118,387,0
"893","HM2_PD_TRINITY_DN12730_c0_g1_i1.p1","XP_052822230.1",94,565,0,1145,0
"894","HM3_PD_TRINITY_DN7785_c0_g1_i6.p1","XP_052832577.1",89.8,538,0,1037,0
"895","HM1_PD_TRINITY_DN68711_c0_g1_i2.p1","XP_014769031.1",55.2,330,1.87e-124,381,0
"896","HM1_PD_TRINITY_DN55987_c0_g1_i1.p1","CAI9740581.1",70.8,312,9.76e-154,443,0
"897","HM3_PD_TRINITY_DN4564_c1_g1_i1.p1","XP_029658430.1",98.5,530,0,1048,0
"898","HM3_PD_TRINITY_DN1079_c1_g1_i4.p1","XP_052831195.1",82.9,729,0,1165,0
"899","HM1_PD_TRINITY_DN8_c0_g1_i10.p2","XP_014781480.1",84.7,255,5.59e-99,300,0
"900","HM3_PD_TRINITY_DN24555_c0_g1_i1.p1","XP_014774813.1",99.6,266,1.43e-187,537,0
"901","HM3_PD_TRINITY_DN6119_c0_g1_i2.p1","XP_052823764.1",92.1,165,3.09e-115,334,0
"902","HM1_PD_TRINITY_DN2790_c1_g1_i2.p1","XP_014790571.1",94,398,5.11e-278,765,0
"903","HM3_PD_TRINITY_DN59343_c0_g1_i1.p1","CAI9735219.1",91.9,517,0,989,0
"904","HM1_PD_TRINITY_DN836_c0_g2_i1.p1","XP_052832794.1",48.9,818,2.88e-221,645,0
"905","HM3_PD_TRINITY_DN27178_c0_g1_i2.p1","XP_052833416.1",93.5,324,8.78e-223,628,0
"906","HM3_PD_TRINITY_DN14571_c0_g1_i4.p1","XP_014775579.1",91.9,812,0,1091,0
"907","HM3_PD_TRINITY_DN12183_c1_g1_i1.p1","CAI9729327.1",94,398,2.37e-287,788,0
"908","HM1_PD_TRINITY_DN34692_c0_g1_i1.p1","CAI9723552.1",70.5,410,1.05e-204,581,0
"909","HM1_PD_TRINITY_DN1767_c0_g3_i1.p1","CAI9744262.1",80.6,568,0,971,0
"910","HM1_PD_TRINITY_DN581_c0_g3_i1.p1","XP_014779871.1",92.8,152,1.03e-97,288,0
"911","HM1_PD_TRINITY_DN12429_c0_g1_i2.p1","CAI9719585.1",65.3,455,1.08e-217,617,0
"912","HM1_PD_TRINITY_DN319_c0_g2_i6.p1","XP_014779876.1",92.6,471,0,941,0
"913","HM2_PD_TRINITY_DN34927_c0_g1_i2.p1","XP_036356479.1",83.6,214,1.6e-106,316,0
"914","HM3_PD_TRINITY_DN811_c0_g1_i3.p2","XP_036368371.1",92.3,636,0,1219,0
"915","HM3_PD_TRINITY_DN5030_c0_g1_i1.p1","CAI9714745.1",89.1,806,0,1425,0
"916","HM3_PD_TRINITY_DN370_c1_g1_i10.p1","XP_014784997.1",92.4,277,4.61e-180,511,0
"917","HM1_PD_TRINITY_DN2041_c0_g1_i1.p1","CAI9740582.1",78.9,473,4.52e-279,774,0
"918","HM1_PD_TRINITY_DN1777_c0_g2_i1.p1","XP_014777540.2",84.9,146,2.9e-69,216,0
"919","HM3_PD_TRINITY_DN2361_c0_g1_i4.p1","XP_029635609.1",90.2,244,3.76e-105,337,0
"920","HM3_PD_TRINITY_DN21900_c0_g3_i1.p1","XP_052822329.1",91.5,506,0,965,0
"921","HM1_PD_TRINITY_DN547_c0_g1_i56.p2","XP_036366037.1",95.6,999,0,1921,0
"922","HM1_PD_TRINITY_DN347_c0_g1_i2.p1","CAI9724272.1",66.8,247,9.51e-92,339,0
"923","HM3_PD_TRINITY_DN4347_c2_g1_i1.p1","XP_052826564.1",78.9,1414,0,2279,0
"924","HM1_PD_TRINITY_DN15243_c0_g2_i2.p1","XP_029652839.1",83.6,171,2.02e-113,330,0
"925","HM1_PD_TRINITY_DN1117_c0_g1_i4.p1","XP_014774988.1",87.2,812,0,1490,0
"926","HM2_PD_TRINITY_DN2428_c0_g1_i1.p1","CAI9730649.1",54.7,285,9.33e-92,285,0
"927","HM1_PD_TRINITY_DN2175_c0_g1_i1.p1","XP_014781237.1",85.8,466,8.59e-303,834,0
"928","HM1_PD_TRINITY_DN118_c1_g2_i3.p1","XP_014782853.1",94.5,524,0,1048,0
"929","HM1_PD_TRINITY_DN1413_c0_g1_i1.p1","XP_014771980.1",80.7,831,0,1366,0
"930","HM1_PD_TRINITY_DN77537_c0_g1_i1.p1","XP_014781273.1",92.1,139,1.3e-96,285,0
"931","HM1_PD_TRINITY_DN3107_c0_g2_i3.p1","XP_029644105.1",94.8,327,1.24e-230,639,0
"932","HM3_PD_TRINITY_DN31211_c0_g1_i2.p1","CAI9728181.1",70.2,443,1.86e-227,638,0
"933","HM3_PD_TRINITY_DN59841_c0_g1_i1.p2","XP_052824652.1",80.1,624,2.72e-142,467,0
"934","HM2_PD_TRINITY_DN216_c1_g6_i1.p1","XP_014778868.1",82.5,285,1.66e-169,481,0
"935","HM1_PD_TRINITY_DN2231_c0_g1_i1.p1","XP_029635494.1",92.5,758,0,1396,0
"936","HM2_PD_TRINITY_DN4801_c0_g1_i2.p1","XP_029635725.1",83.9,404,2.13e-245,683,0
"937","HM3_PD_TRINITY_DN85551_c0_g1_i1.p1","XP_014778127.1",95.2,145,1.75e-97,287,0
"938","HM3_PD_TRINITY_DN1793_c5_g1_i1.p1","CAI9727352.1",96.6,264,4.41e-167,526,0
"939","HM1_PD_TRINITY_DN391_c2_g1_i2.p1","XP_029633597.1",94.5,440,1.48e-300,825,0
"940","HM1_PD_TRINITY_DN1979_c0_g2_i1.p1","XP_029645037.1",91.6,191,6.69e-123,356,0
"941","HM1_PD_TRINITY_DN81997_c0_g1_i1.p1","CAI9731161.1",86.9,274,9.25e-177,498,0
"942","HM3_PD_TRINITY_DN3253_c0_g1_i6.p1","CAI9727402.1",69.5,696,0,989,0
"943","HM3_PD_TRINITY_DN982_c0_g1_i1.p1","CAI9740638.1",90.1,644,0,1205,0
"944","HM1_PD_TRINITY_DN1398_c0_g2_i6.p1","XP_014779739.1",72.7,308,5.74e-153,441,0
"945","HM3_PD_TRINITY_DN550_c2_g1_i2.p1","XP_052822282.1",90.6,373,6.17e-241,703,0
"946","HM2_PD_TRINITY_DN139_c2_g1_i4.p1","XP_014771262.1",85.9,290,1.85e-173,495,0
"947","HM1_PD_TRINITY_DN1398_c0_g2_i8.p1","XP_029658164.1",88.3,231,1.02e-151,438,0
"948","HM1_PD_TRINITY_DN9900_c0_g2_i1.p1","XP_014785201.1",90,370,3.44e-257,710,0
"949","HM1_PD_TRINITY_DN1257_c0_g2_i1.p1","XP_029653452.1",81.4,237,5.27e-144,412,0
"950","HM1_PD_TRINITY_DN664_c0_g1_i1.p1","CAI9715155.1",91.2,364,3.74e-260,717,0
"951","HM3_PD_TRINITY_DN1721_c0_g1_i1.p1","XP_014767624.1",86.5,775,0,1498,0
"952","HM1_PD_TRINITY_DN174_c0_g2_i1.p1","CAI9724267.1",79,248,1.23e-119,416,0
"953","HM1_PD_TRINITY_DN50258_c0_g1_i1.p1","XP_029634273.1",97.2,142,1.17e-97,288,0
"954","HM2_PD_TRINITY_DN831_c1_g1_i7.p1","XP_029658213.1",81.4,306,1.74e-169,483,0
"955","HM1_PD_TRINITY_DN31748_c0_g1_i1.p1","XP_052821518.1",82.5,737,0,1223,0
"956","HM1_PD_TRINITY_DN63_c0_g2_i11.p1","XP_029654766.1",85.6,202,7.97e-126,367,0
"957","HM1_PD_TRINITY_DN1356_c0_g1_i1.p1","CAI9740977.1",91.2,328,2.24e-211,590,0
"958","HM2_PD_TRINITY_DN14975_c0_g1_i1.p1","XP_014787620.1",93.9,426,5.38000000003295e-314,858,0
"959","HM3_PD_TRINITY_DN2315_c0_g1_i2.p1","XP_014767620.1",86.9,740,0,1407,0
"960","HM1_PD_TRINITY_DN1192_c0_g1_i6.p1","XP_052822282.1",90.5,317,6.11e-201,597,0
"961","HM1_PD_TRINITY_DN45075_c0_g1_i1.p1","XP_029637843.1",88,440,8.35e-291,801,0
"962","HM1_PD_TRINITY_DN9688_c0_g3_i1.p1","XP_014767620.1",86.7,871,0,1647,0
"963","HM1_PD_TRINITY_DN15518_c0_g1_i1.p1","CAI9730439.1",84.2,260,6.35e-152,434,0
"964","HM1_PD_TRINITY_DN4362_c0_g2_i1.p1","XP_014784266.1",96.5,115,7.11e-76,234,0
"965","HM1_PD_TRINITY_DN10828_c0_g1_i1.p1","CAI9726243.1",96.6,496,0,995,0
"966","HM2_PD_TRINITY_DN15890_c0_g1_i1.p1","XP_036363965.1",82.2,101,1.42e-51,177,0
"967","HM1_PD_TRINITY_DN3796_c0_g2_i1.p1","XP_014785199.1",97.6,414,1.48e-206,585,0
"968","HM2_PD_TRINITY_DN19080_c0_g1_i1.p1","XP_014775642.1",96.5,231,1.41e-176,494,0
"969","HM2_PD_TRINITY_DN8822_c0_g1_i2.p1","CAI9740978.1",93.5,325,3.81e-222,617,0
"970","HM1_PD_TRINITY_DN502_c0_g1_i2.p1","CAI9739477.1",79.2,317,1.8e-178,513,0
"971","HM3_PD_TRINITY_DN7672_c0_g1_i1.p1","CAI9715171.1",85.8,691,0,1147,0
"972","HM1_PD_TRINITY_DN2450_c0_g1_i3.p1","XP_029650299.1",89.6,356,4.38e-239,663,0
"973","HM1_PD_TRINITY_DN1864_c0_g1_i1.p1","XP_014782301.1",86.8,485,0,896,0
"974","HM1_PD_TRINITY_DN542_c0_g2_i1.p1","XP_014785437.1",97.2,496,0,934,0
"975","HM1_PD_TRINITY_DN652_c0_g2_i2.p1","XP_029641498.1",94.4,780,0,1546,0
"976","HM3_PD_TRINITY_DN1662_c0_g1_i11.p1","XP_029640265.1",94.1,459,0,926,0
"977","HM1_PD_TRINITY_DN8192_c3_g1_i3.p1","XP_029650868.1",95.6,137,3.9e-97,286,0
"978","HM1_PD_TRINITY_DN171_c0_g3_i2.p1","XP_014786701.1",90.1,272,1.1e-183,516,0
"979","HM2_PD_TRINITY_DN4710_c0_g1_i2.p1","XP_036357639.1",74.3,284,1.79e-167,476,0
"980","HM1_PD_TRINITY_DN171_c0_g3_i1.p1","XP_014786693.1",90.9,297,2e-203,568,0
"981","HM1_PD_TRINITY_DN67917_c0_g1_i1.p1","XP_029645212.1",98.8,402,5.3e-300,821,0
"982","HM1_PD_TRINITY_DN1827_c0_g1_i2.p1","XP_052833195.1",89.2,157,2.63e-96,290,0
"983","HM1_PD_TRINITY_DN162_c0_g1_i2.p1","CAI9739012.1",96.1,128,2.69e-65,205,0
"984","HM3_PD_TRINITY_DN261_c0_g2_i10.p1","XP_014770290.2",84.3,433,6.76e-235,663,0
"985","HM3_PD_TRINITY_DN147_c4_g1_i1.p1","XP_014781593.1",93,186,1.61e-124,360,0
"986","HM3_PD_TRINITY_DN2854_c0_g1_i1.p1","XP_014781557.1",83.9,484,2.19e-305,842,0
"987","HM3_PD_TRINITY_DN1898_c0_g1_i2.p1","XP_029641498.1",93.4,641,0,1261,0
"988","HM1_PD_TRINITY_DN162_c0_g1_i5.p1","XP_014771381.1",94.8,135,1.47e-70,219,0
"989","HM2_PD_TRINITY_DN7044_c0_g1_i1.p1","CAI9716091.1",82.3,699,0,1078,0
"990","HM2_PD_TRINITY_DN705_c1_g1_i1.p1","XP_029641947.1",91.7,719,0,1379,0
"991","HM2_PD_TRINITY_DN1513_c3_g2_i11.p1","XP_014770290.2",88.8,403,3.92e-235,664,0
"992","HM2_PD_TRINITY_DN23849_c0_g1_i1.p1","XP_029634581.2",44.9,107,1.49e-27,108,0
"993","HM1_PD_TRINITY_DN9005_c0_g2_i1.p1","XP_014782418.1",56.2,203,1.31e-88,270,0
"994","HM3_PD_TRINITY_DN72739_c0_g1_i1.p1","XP_014782415.1",80.3,203,6.82e-121,351,0
"995","HM1_PD_TRINITY_DN5006_c0_g1_i1.p1","XP_052827193.1",93.8,225,7.75e-108,324,0
"996","HM2_PD_TRINITY_DN4202_c6_g1_i1.p1","XP_029647574.1",93.1,494,0,1023,0
"997","HM1_PD_TRINITY_DN35211_c0_g1_i1.p1","XP_014772671.1",92.5,268,3.03e-184,517,0
"998","HM3_PD_TRINITY_DN15877_c0_g3_i1.p1","XP_036362898.1",94,481,0,954,0
"999","HM1_PD_TRINITY_DN4200_c1_g2_i1.p1","XP_036365518.1",86.7,698,0,1215,0
"1000","HM2_PD_TRINITY_DN2673_c1_g2_i9.p1","XP_029634984.2",96.9,769,0,1488,0
"1001","HM1_PD_TRINITY_DN59163_c0_g1_i1.p1","XP_029646880.1",87.3,142,1.69e-89,267,0
"1002","HM2_PD_TRINITY_DN5766_c5_g1_i1.p1","XP_029652588.1",97.3,414,1.25e-297,816,0
"1003","HM1_PD_TRINITY_DN3823_c0_g2_i1.p1","XP_014785522.1",92.2,499,0,914,0
"1004","HM1_PD_TRINITY_DN16721_c0_g1_i1.p1","XP_014785782.1",83.6,256,2.94e-155,470,0
"1005","HM1_PD_TRINITY_DN18709_c0_g2_i1.p1","XP_029645821.1",87.6,679,0,1225,0
"1006","HM2_PD_TRINITY_DN6373_c1_g1_i3.p1","XP_014784457.1",61.9,333,6.82e-145,434,0
"1007","HM2_PD_TRINITY_DN3157_c0_g1_i6.p1","CAI9716092.1",80.4,92,1.71e-48,160,0
"1008","HM2_PD_TRINITY_DN872_c9_g1_i1.p1","CAI9742234.1",88.6,264,3.28e-181,509,0
"1009","HM1_PD_TRINITY_DN15263_c0_g1_i5.p1","CAI9740822.1",80.6,263,1.14e-100,306,0
"1010","HM2_PD_TRINITY_DN4119_c0_g1_i4.p1","XP_014770986.1",88.6,350,2.31e-231,643,0
"1011","HM1_PD_TRINITY_DN442_c0_g1_i1.p1","CAI9733777.1",96.9,359,3.22e-263,724,0
"1012","HM2_PD_TRINITY_DN41496_c0_g1_i1.p1","XP_029638351.1",55.3,132,6.68e-50,167,0
"1013","HM1_PD_TRINITY_DN2412_c0_g1_i1.p1","XP_029635473.1",97.4,734,0,1494,0
"1014","HM3_PD_TRINITY_DN97090_c0_g1_i2.p2","XP_029645821.1",93.8,292,3.16e-199,572,0
"1015","HM3_PD_TRINITY_DN5276_c0_g1_i1.p1","XP_014784832.1",91,255,1.78e-172,486,0
"1016","HM2_PD_TRINITY_DN6842_c0_g2_i2.p2","XP_052830941.1",96.4,194,8.73e-124,385,0
"1017","HM3_PD_TRINITY_DN5547_c0_g1_i1.p1","XP_014784364.1",96.2,211,1.92e-148,422,0
"1018","HM2_PD_TRINITY_DN1024_c0_g1_i2.p1","CAI9734988.1",72.3,191,5.65e-102,303,0
"1019","HM1_PD_TRINITY_DN436_c0_g3_i5.p1","CAI9734988.1",80.2,192,5.93e-114,334,0
"1020","HM3_PD_TRINITY_DN5872_c0_g1_i1.p1","XP_029656793.1",90.8,229,7.67e-149,424,0
"1021","HM1_PD_TRINITY_DN12277_c0_g1_i2.p1","XP_029650646.1",67.6,256,1.09e-120,353,0
"1022","HM1_PD_TRINITY_DN3532_c3_g5_i4.p1","CAI9740900.1",50.9,216,1.8e-74,235,0
"1023","HM2_PD_TRINITY_DN34470_c0_g1_i1.p1","XP_029643721.1",89.2,259,1.66e-167,474,0
"1024","HM2_PD_TRINITY_DN4119_c0_g1_i2.p1","XP_014770992.1",80.9,350,1.02e-204,574,0
"1025","HM1_PD_TRINITY_DN440_c0_g4_i1.p1","XP_014776000.1",86,257,3.61e-163,462,0
"1026","HM1_PD_TRINITY_DN177_c0_g1_i1.p1","XP_052831460.1",84.3,268,1.57e-165,469,0
"1027","HM1_PD_TRINITY_DN2563_c0_g1_i2.p1","XP_029650856.1",70.1,254,1.49e-130,380,0
"1028","HM3_PD_TRINITY_DN4669_c0_g3_i6.p4","CAI9719306.1",78.3,152,5e-70,241,0
"1029","HM1_PD_TRINITY_DN63_c0_g1_i6.p1","CAI9718204.1",85.8,254,1.43e-164,469,0
"1030","HM1_PD_TRINITY_DN54_c12_g1_i1.p1","CAI9740508.1",87.8,139,1.06e-76,251,0
"1031","HM1_PD_TRINITY_DN1096_c0_g3_i1.p1","CAI9744246.1",85,473,2.45e-302,833,0
"1032","HM1_PD_TRINITY_DN18563_c0_g2_i2.p1","XP_014780657.1",97.9,388,1.13e-289,793,0
"1033","HM1_PD_TRINITY_DN599_c0_g1_i1.p1","CAI9717116.1",84.7,518,0,934,0
"1034","HM3_PD_TRINITY_DN1374_c0_g2_i1.p2","XP_052828520.1",99.3,402,4.04e-294,838,0
"1035","HM1_PD_TRINITY_DN440_c0_g2_i1.p1","XP_029651018.1",82.4,256,4.63e-155,442,0
"1036","HM1_PD_TRINITY_DN63_c0_g4_i2.p1","XP_029654753.1",88.3,256,6.92e-168,475,0
"1037","HM1_PD_TRINITY_DN859_c0_g1_i1.p1","XP_014781656.1",75.6,213,1.47e-113,333,0
"1038","HM1_PD_TRINITY_DN16_c0_g2_i7.p1","XP_029651324.1",89.4,254,2.04e-170,481,0
"1039","HM1_PD_TRINITY_DN6772_c3_g1_i1.p1","XP_014784464.1",95,141,2.94e-94,279,0
"1040","HM1_PD_TRINITY_DN5348_c0_g2_i2.p1","CAI9741257.1",84.2,146,2.38e-91,272,0
"1041","HM2_PD_TRINITY_DN2767_c0_g1_i2.p2","XP_036363455.1",63.3,281,6.38e-98,327,0
"1042","HM1_PD_TRINITY_DN4978_c1_g1_i8.p1","CAI9744019.1",94.5,164,2.66e-110,324,0
"1043","HM1_PD_TRINITY_DN8694_c0_g2_i1.p1","XP_014778626.1",92.6,365,6.81e-268,736,0
"1044","HM1_PD_TRINITY_DN3021_c4_g1_i1.p1","XP_014770445.1",79.9,254,5.1e-149,427,0
"1045","HM3_PD_TRINITY_DN65887_c0_g1_i1.p1","XP_029651716.1",63.2,133,2.92e-63,200,0
"1046","HM3_PD_TRINITY_DN8667_c0_g1_i4.p1","XP_014780878.1",87.3,150,2.27e-99,293,0
"1047","HM3_PD_TRINITY_DN96126_c0_g1_i1.p2","CAI9725282.1",96.4,167,9.09e-105,325,0
"1048","HM1_PD_TRINITY_DN9352_c0_g4_i2.p1","XP_029643779.1",84.2,342,2.27e-220,614,0
"1049","HM1_PD_TRINITY_DN63_c0_g2_i7.p1","XP_029654766.1",86,121,2.62e-69,220,0
"1050","HM1_PD_TRINITY_DN2302_c0_g1_i1.p1","XP_014788108.1",87,154,1.25e-96,295,0
"1051","HM3_PD_TRINITY_DN15361_c0_g1_i2.p1","XP_029641081.1",93,511,0,1022,0
"1052","HM1_PD_TRINITY_DN744_c0_g1_i11.p1","XP_036356059.1",88.4,155,3.3e-104,305,0
"1053","HM1_PD_TRINITY_DN358_c0_g2_i1.p1","XP_014770093.1",83.1,77,4.29e-42,145,0
"1054","HM1_PD_TRINITY_DN709_c0_g1_i8.p2","XP_052827612.1",78.3,157,1.57e-87,270,0
"1055","HM3_PD_TRINITY_DN32247_c0_g1_i1.p1","CAI9730048.1",59.1,203,5.37e-83,255,0
"1056","HM1_PD_TRINITY_DN723_c0_g2_i1.p1","XP_036364659.1",74.6,59,3.33e-18,100,0
"1057","HM1_PD_TRINITY_DN1065_c0_g3_i5.p1","CAI9715378.1",89.9,119,2.49e-39,138,0
"1058","HM1_PD_TRINITY_DN10799_c0_g1_i2.p2","XP_014772729.1",80,65,2.54e-28,115,0
"1059","HM2_PD_TRINITY_DN2120_c0_g3_i1.p1","XP_014789945.1",80.3,66,1.97e-28,114,0
"1060","HM1_PD_TRINITY_DN543_c0_g2_i1.p2","XP_029644932.1",86,179,1.56e-98,311,0
"1061","HM1_PD_TRINITY_DN8918_c0_g1_i1.p1","CAI9741102.1",92.1,189,7.06e-123,355,0
"1062","HM3_PD_TRINITY_DN1153_c3_g1_i1.p1","XP_052827402.1",89,254,1.1e-162,471,0
"1063","HM1_PD_TRINITY_DN4502_c0_g1_i5.p2","XP_014780796.1",95.6,136,1.72e-87,274,0
"1064","HM1_PD_TRINITY_DN483_c1_g1_i7.p2","CAI9733000.1",76.8,56,4.53e-17,80.1,0
"1065","HM1_PD_TRINITY_DN2047_c0_g1_i3.p1","XP_014773703.1",82.9,234,7.36e-138,400,0
"1066","HM3_PD_TRINITY_DN1870_c0_g1_i3.p2","XP_052827999.1",88.6,123,1.78e-74,229,0
"1067","HM3_PD_TRINITY_DN5732_c0_g2_i1.p2","CAI9720811.1",91.1,179,1.06e-102,318,0
"1068","HM3_PD_TRINITY_DN15361_c0_g1_i1.p2","XP_014785311.2",93.8,96,1.34e-54,189,0
"1069","HM2_PD_TRINITY_DN2_c0_g2_i8.p1","XP_036369186.1",77.3,255,2.51e-144,415,0
"1070","HM1_PD_TRINITY_DN152_c1_g2_i5.p1","XP_014782846.1",68.3,104,2.87e-36,129,0
"1071","HM2_PD_TRINITY_DN3836_c0_g1_i3.p1","XP_029643095.1",76.2,105,1.41e-53,179,0
"1072","HM1_PD_TRINITY_DN37_c0_g1_i12.p1","XP_029650855.1",77.6,255,2.4e-142,410,0
"1073","HM1_PD_TRINITY_DN37_c1_g1_i5.p1","XP_029650855.1",77.3,255,1.45e-143,413,0
"1074","HM1_PD_TRINITY_DN2565_c2_g1_i4.p1","XP_014769483.1",93.7,159,1.29e-108,317,0
"1075","OB1_PD_TRINITY_DN1726_c2_g2_i2.p1","XP_014785782.1",100,1056,0,1517,0
"1076","OB1_PD_TRINITY_DN20162_c0_g1_i1.p1","XP_014773468.1",100,646,0,1344,0
"1077","OB1_PD_TRINITY_DN33787_c0_g1_i1.p1","XP_014785748.1",100,413,4.04e-298,817,0
"1078","OB1_PD_TRINITY_DN152_c0_g1_i1.p1","XP_014781344.1",99.9,841,0,1002,0
"1079","OB1_PD_TRINITY_DN78_c0_g1_i13.p1","XP_014782339.1",100,412,1.1e-290,798,0
"1080","OB1_PD_TRINITY_DN78_c0_g1_i9.p1","XP_014778358.1",99.3,413,4.32e-293,804,0
"1081","OB1_PD_TRINITY_DN4580_c0_g1_i2.p1","XP_014781787.1",83.8,494,0,898,0
"1082","OB1_PD_TRINITY_DN5626_c0_g1_i2.p1","XP_029634984.2",97.5,1113,0,2133,0
"1083","OB1_PD_TRINITY_DN78_c0_g1_i16.p1","XP_014778358.1",93.7,412,8.02e-273,753,0
"1084","OB3_PD_TRINITY_DN552_c0_g1_i6.p1","XP_014778358.1",94.9,412,7.52e-278,766,0
"1085","OB1_PD_TRINITY_DN5207_c0_g1_i4.p1","XP_014775997.1",100,965,0,1982,0
"1086","OB1_PD_TRINITY_DN5207_c0_g1_i5.p1","XP_014775997.1",100,959,0,1969,0
"1087","OB1_PD_TRINITY_DN34093_c0_g1_i2.p1","XP_014768920.1",100,298,3.55e-223,632,0
"1088","OB1_PD_TRINITY_DN4580_c0_g1_i4.p1","XP_036354704.1",82.7,496,0,882,0
"1089","OB1_PD_TRINITY_DN1849_c10_g1_i1.p1","XP_052833886.1",99.8,528,0,1018,0
"1090","OB1_PD_TRINITY_DN6232_c0_g1_i1.p1","XP_014783603.1",100,688,0,1316,0
"1091","OB1_PD_TRINITY_DN3910_c3_g1_i2.p1","XP_014772795.1",99.8,602,0,1241,0
"1092","OB1_PD_TRINITY_DN124_c0_g2_i1.p1","XP_014785400.1",100,658,0,1217,0
"1093","OB1_PD_TRINITY_DN5631_c2_g1_i1.p1","XP_014782509.1",100,524,0,1025,0
"1094","OB1_PD_TRINITY_DN4116_c2_g2_i1.p1","XP_052832718.1",100,407,1.01e-288,793,0
"1095","OB1_PD_TRINITY_DN30513_c0_g1_i1.p1","XP_014789765.1",100,481,0,946,0
"1096","OB1_PD_TRINITY_DN926_c1_g1_i2.p1","XP_014772664.1",99.9,784,0,1553,0
"1097","OB1_PD_TRINITY_DN672_c4_g1_i1.p1","XP_014774184.1",100,250,2.96e-186,520,0
"1098","OB3_PD_TRINITY_DN86_c4_g1_i1.p1","XP_014771098.1",100,360,2.04e-271,745,0
"1099","OB1_PD_TRINITY_DN6032_c0_g3_i1.p1","XP_036360555.1",90.4,1960,0,3182,0
"1100","OB1_PD_TRINITY_DN704_c0_g1_i1.p1","XP_014768645.1",100,284,1.09e-214,595,0
"1101","OB1_PD_TRINITY_DN44122_c0_g1_i2.p1","XP_014789497.1",99.8,539,0,1138,0
"1102","OB1_PD_TRINITY_DN24281_c0_g1_i1.p1","XP_014783396.1",100,228,8.48e-166,467,0
"1103","OB1_PD_TRINITY_DN6934_c0_g1_i1.p1","XP_014773323.1",100,426,0,877,0
"1104","OB1_PD_TRINITY_DN42845_c0_g1_i1.p1","XP_014767795.1",100,517,0,1065,0
"1105","OB3_PD_TRINITY_DN140_c0_g1_i15.p1","XP_052822702.1",99.8,407,1.48e-144,459,0
"1106","OB1_PD_TRINITY_DN262_c0_g1_i9.p1","XP_014779763.1",97.1,1241,0,1196,0
"1107","OB1_PD_TRINITY_DN532_c0_g1_i1.p1","CAI9740916.1",86.3,483,1.02e-260,728,0
"1108","OB1_PD_TRINITY_DN262_c0_g1_i11.p1","XP_014779757.1",95.9,1263,0,1196,0
"1109","OB1_PD_TRINITY_DN4537_c1_g1_i2.p1","XP_052822698.1",100,253,1.73e-171,502,0
"1110","OB1_PD_TRINITY_DN1629_c0_g1_i1.p1","XP_014781544.1",100,1779,0,3180,0
"1111","OB1_PD_TRINITY_DN459_c1_g1_i1.p1","XP_014788924.1",99.7,318,4.16e-227,629,0
"1112","OB1_PD_TRINITY_DN9797_c2_g1_i1.p1","XP_014775692.1",100,411,5.11e-300,822,0
"1113","OB1_PD_TRINITY_DN896_c0_g2_i4.p1","XP_014778726.1",99.9,3432,0,7281,0
"1114","OB1_PD_TRINITY_DN3777_c0_g1_i1.p1","XP_014785380.1",100,183,6.15e-130,372,0
"1115","OB1_PD_TRINITY_DN388_c0_g1_i1.p1","CAI9744255.1",61,164,1.83e-58,191,0
"1116","OB1_PD_TRINITY_DN2357_c2_g1_i1.p1","XP_052822679.1",92.9,1015,0,1881,0
"1117","OB1_PD_TRINITY_DN646_c1_g2_i1.p1","CAI9734207.1",95.9,837,0,1662,0
"1118","OB1_PD_TRINITY_DN2076_c0_g1_i1.p1","XP_014778512.1",99.9,797,0,1478,0
"1119","OB1_PD_TRINITY_DN2895_c3_g1_i1.p1","XP_029633908.1",92.1,922,0,1762,0
"1120","OB1_PD_TRINITY_DN33913_c0_g1_i2.p1","CAI9731055.1",94.9,435,0,872,0
"1121","OB1_PD_TRINITY_DN6534_c0_g1_i1.p1","XP_014772670.1",100,348,8.45e-258,709,0
"1122","OB3_PD_TRINITY_DN552_c0_g1_i4.p1","XP_014782339.1",99.4,161,2.94e-101,307,0
"1123","OB1_PD_TRINITY_DN658_c5_g1_i1.p1","XP_052828401.1",100,352,2.42e-234,650,0
"1124","OB1_PD_TRINITY_DN1153_c0_g1_i1.p1","XP_014782908.1",92.4,484,0,982,0
"1125","OB1_PD_TRINITY_DN1153_c0_g1_i12.p1","XP_014782908.1",92.1,484,0,966,0
"1126","OB1_PD_TRINITY_DN3024_c0_g2_i1.p1","XP_029650035.1",98.6,424,0,868,0
"1127","OB1_PD_TRINITY_DN827_c0_g1_i1.p1","XP_014781533.1",99.8,625,0,1221,0
"1128","OB1_PD_TRINITY_DN1998_c0_g1_i17.p1","XP_014770290.2",100,498,2.33e-285,792,0
"1129","OB1_PD_TRINITY_DN11800_c1_g1_i3.p1","XP_052831865.1",100,238,5.8e-153,435,0
"1130","OB1_PD_TRINITY_DN35_c2_g1_i3.p1","XP_014775580.1",88,809,0,1011,0
"1131","OB1_PD_TRINITY_DN92_c4_g1_i1.p1","CAI9719306.1",53.8,680,3.33e-82,310,0
"1132","OB1_PD_TRINITY_DN29130_c0_g1_i2.p1","XP_014774571.1",100,356,9.73e-277,758,0
"1133","OB1_PD_TRINITY_DN754_c0_g5_i1.p1","CAI9739312.1",93.1,1031,0,2064,0
"1134","OB1_PD_TRINITY_DN3530_c0_g1_i1.p1","XP_052830251.1",100,397,7.04e-284,780,0
"1135","OB1_PD_TRINITY_DN1233_c2_g1_i2.p1","XP_052823300.1",100,677,0,1341,0
"1136","OB1_PD_TRINITY_DN1685_c0_g1_i1.p1","XP_014781294.1",100,206,8.96e-126,372,0
"1137","OB1_PD_TRINITY_DN5150_c0_g2_i2.p1","XP_014783221.1",100,450,0,877,0
"1138","OB1_PD_TRINITY_DN4853_c0_g1_i1.p1","XP_014769556.1",100,461,0,984,0
"1139","OB1_PD_TRINITY_DN4818_c0_g1_i1.p1","XP_014768731.1",100,528,0,1088,0
"1140","OB1_PD_TRINITY_DN5499_c0_g1_i1.p1","XP_014772147.1",100,146,5.01e-102,299,0
"1141","OB1_PD_TRINITY_DN132_c0_g1_i2.p1","XP_014781480.1",93,257,4.89e-125,366,0
"1142","OB1_PD_TRINITY_DN1998_c0_g1_i16.p1","XP_014770290.2",100,467,5.69e-284,789,0
"1143","OB1_PD_TRINITY_DN244_c0_g1_i5.p1","XP_014779244.1",100,371,1.2e-239,665,0
"1144","OB1_PD_TRINITY_DN8317_c0_g1_i1.p1","XP_052823416.1",100,629,0,1275,0
"1145","OB1_PD_TRINITY_DN766_c0_g1_i1.p1","XP_014782649.1",100,250,4.3e-170,479,0
"1146","OB1_PD_TRINITY_DN10406_c0_g1_i1.p1","XP_052821513.1",100,743,0,1503,0
"1147","OB1_PD_TRINITY_DN1592_c1_g1_i2.p1","XP_014767871.1",100,831,0,1704,0
"1148","OB1_PD_TRINITY_DN1574_c6_g1_i1.p1","XP_014770566.1",99.9,1707,0,3333,0
"1149","OB1_PD_TRINITY_DN8321_c0_g1_i1.p1","XP_029637609.1",99.4,175,1.46e-115,335,0
"1150","OB1_PD_TRINITY_DN1998_c0_g1_i2.p1","XP_014770290.2",100,448,3.02e-283,786,0
"1151","OB1_PD_TRINITY_DN3014_c0_g1_i2.p1","XP_029647744.1",60.3,380,1.09e-142,419,0
"1152","OB1_PD_TRINITY_DN11149_c0_g1_i1.p1","XP_052826203.1",100,480,0,986,0
"1153","OB1_PD_TRINITY_DN2458_c0_g1_i10.p1","XP_052830143.1",97.2,709,0,1395,0
"1154","OB1_PD_TRINITY_DN291_c2_g5_i1.p1","XP_052830861.1",89.8,1483,1.74e-159,538,0
"1155","OB1_PD_TRINITY_DN525_c3_g3_i1.p1","XP_052830603.1",100,690,1.17e-160,545,0
"1156","OB1_PD_TRINITY_DN61_c0_g1_i3.p1","XP_014791055.1",100,127,1.35e-81,246,0
"1157","OB1_PD_TRINITY_DN13991_c0_g1_i4.p1","XP_014771914.1",98.5,399,7.82e-289,819,0
"1158","OB3_PD_TRINITY_DN217_c0_g1_i1.p1","XP_014779244.1",98.7,371,4.66e-238,661,0
"1159","OB1_PD_TRINITY_DN871_c3_g1_i2.p1","XP_014777908.1",100,301,1.47e-241,664,0
"1160","OB1_PD_TRINITY_DN7460_c1_g1_i1.p1","XP_014769053.1",100,186,1.51e-145,412,0
"1161","OB1_PD_TRINITY_DN354_c16_g1_i1.p1","XP_029653036.1",82.8,261,2.64e-167,473,0
"1162","OB1_PD_TRINITY_DN6958_c0_g1_i1.p1","XP_052828138.1",100,345,1.45e-252,696,0
"1163","OB1_PD_TRINITY_DN4618_c0_g1_i4.p1","XP_029648127.1",94.1,683,0,1332,0
"1164","OB1_PD_TRINITY_DN34978_c0_g1_i1.p1","XP_014771153.1",100,158,1.29e-112,327,0
"1165","OB1_PD_TRINITY_DN5059_c1_g1_i4.p1","XP_014779364.1",100,379,1.04e-285,783,0
"1166","OB1_PD_TRINITY_DN1325_c0_g1_i1.p1","XP_052825725.1",100,399,7.78e-298,815,0
"1167","OB1_PD_TRINITY_DN177_c6_g1_i1.p1","XP_029646973.1",93.7,917,0,1749,0
"1168","OB1_PD_TRINITY_DN1583_c0_g2_i1.p1","XP_014779148.1",100,525,0,1018,0
"1169","OB2_PD_TRINITY_DN8925_c0_g1_i1.p1","XP_014775641.1",100,152,1.11e-111,327,0
"1170","OB2_PD_TRINITY_DN2571_c0_g1_i1.p1","XP_014775644.1",100,152,1.12e-110,321,0
"1171","OB1_PD_TRINITY_DN12312_c0_g1_i2.p1","XP_014786938.1",100,579,0,945,0
"1172","OB1_PD_TRINITY_DN2578_c0_g1_i2.p1","XP_014775432.1",100,411,3.28000000025702e-314,857,0
"1173","OB1_PD_TRINITY_DN11234_c3_g1_i1.p1","XP_052826943.1",100,506,0,1083,0
"1174","OB1_PD_TRINITY_DN12312_c0_g1_i1.p1","XP_014786940.1",100,544,0,897,0
"1175","OB1_PD_TRINITY_DN38604_c0_g1_i1.p1","XP_014777540.2",100,145,3.37e-86,259,0
"1176","OB2_PD_TRINITY_DN9638_c0_g1_i1.p1","XP_014778328.1",100,465,0,987,0
"1177","OB3_PD_TRINITY_DN1254_c0_g2_i1.p1","XP_029638389.1",85.2,155,2.06e-99,293,0
"1178","OB1_PD_TRINITY_DN386_c1_g1_i1.p1","XP_029634523.1",95.4,414,1.12e-281,775,0
"1179","OB1_PD_TRINITY_DN55_c3_g1_i2.p1","XP_052822230.1",99.8,566,0,1192,0
"1180","OB1_PD_TRINITY_DN3700_c0_g1_i1.p1","XP_029637263.1",49,143,1.34e-47,162,0
"1181","OB1_PD_TRINITY_DN5599_c1_g1_i1.p1","XP_014777225.1",100,154,4.72e-113,327,0
"1182","OB1_PD_TRINITY_DN3282_c0_g1_i2.p1","XP_052832794.1",55.6,818,1.94e-260,744,0
"1183","OB1_PD_TRINITY_DN1652_c2_g3_i1.p1","XP_014774895.1",99.8,491,0,1009,0
"1184","OB1_PD_TRINITY_DN33859_c0_g1_i1.p1","CAI9740581.1",81.3,315,2.72e-180,511,0
"1185","OB1_PD_TRINITY_DN29266_c0_g1_i1.p1","CAI9735219.1",98.1,516,0,1042,0
"1186","OB1_PD_TRINITY_DN752_c1_g1_i1.p1","XP_014774813.1",100,569,0,1166,0
"1187","OB1_PD_TRINITY_DN42950_c0_g1_i1.p1","XP_014783233.1",97.3,479,0,952,0
"1188","OB1_PD_TRINITY_DN24741_c0_g1_i1.p1","XP_029656065.1",95.7,644,0,1291,0
"1189","OB1_PD_TRINITY_DN35_c2_g1_i4.p1","XP_014775579.1",100,811,0,1231,0
"1190","OB1_PD_TRINITY_DN3066_c0_g1_i2.p1","CAI9729327.1",96,398,3.15e-292,801,0
"1191","OB1_PD_TRINITY_DN1200_c1_g1_i1.p1","CAI9739981.1",90.8,552,0,1063,0
"1192","OB1_PD_TRINITY_DN2180_c0_g2_i1.p1","CAI9744262.1",89.4,568,0,1067,0
"1193","OB1_PD_TRINITY_DN14032_c0_g1_i1.p1","XP_014779876.1",100,471,0,998,0
"1194","OB1_PD_TRINITY_DN930_c0_g1_i1.p1","CAI9719585.1",65,517,9.01e-231,652,0
"1195","OB1_PD_TRINITY_DN4937_c0_g1_i2.p1","XP_014790571.1",100,398,1.05e-290,797,0
"1196","OB1_PD_TRINITY_DN7934_c0_g1_i1.p1","XP_014775333.1",100,805,0,1595,0
"1197","OB1_PD_TRINITY_DN662_c2_g3_i1.p1","CAI9740582.1",85.4,478,8.94e-305,839,0
"1198","OB1_PD_TRINITY_DN33913_c0_g1_i1.p1","CAI9731055.1",92.4,224,5.46e-152,440,0
"1199","OB1_PD_TRINITY_DN3971_c3_g1_i2.p1","XP_036359026.1",90.8,696,0,1244,0
"1200","OB1_PD_TRINITY_DN984_c0_g1_i1.p2","XP_036366037.1",97.2,1000,0,1950,0
"1201","OB1_PD_TRINITY_DN692_c5_g1_i1.p1","XP_052825848.1",100,646,0,1327,0
"1202","OB1_PD_TRINITY_DN43473_c0_g1_i1.p1","XP_052824382.1",100,248,4.72e-153,510,0
"1203","OB2_PD_TRINITY_DN4043_c0_g1_i1.p1","XP_014782853.1",100,526,0,1091,0
"1204","OB1_PD_TRINITY_DN82_c0_g2_i1.p1","XP_014774988.1",90.1,812,0,1500,0
"1205","OB1_PD_TRINITY_DN9108_c0_g1_i1.p1","XP_014783861.1",100,142,3.56e-100,294,0
"1206","OB1_PD_TRINITY_DN20590_c0_g1_i1.p1","XP_014770091.1",100,195,5.18e-137,391,0
"1207","OB1_PD_TRINITY_DN1091_c2_g1_i2.p1","XP_014781273.1",100,139,2.08e-102,299,0
"1208","OB1_PD_TRINITY_DN2689_c0_g1_i1.p1","XP_029644105.1",97.9,327,6.51e-240,662,0
"1209","OB1_PD_TRINITY_DN38392_c0_g1_i1.p1","XP_014778033.1",100,444,0,913,0
"1210","OB1_PD_TRINITY_DN1574_c6_g1_i2.p2","XP_014770566.1",99.8,537,0,1080,0
"1211","OB1_PD_TRINITY_DN32_c0_g1_i13.p1","XP_014771072.2",100,470,0,946,0
"1212","OB1_PD_TRINITY_DN4667_c0_g1_i1.p1","XP_029637843.1",91.4,440,2.1e-300,825,0
"1213","OB1_PD_TRINITY_DN2398_c0_g1_i1.p1","XP_029635494.1",94.4,755,0,1424,0
"1214","OB1_PD_TRINITY_DN35004_c0_g1_i1.p1","XP_014784464.1",100,141,4.69e-100,293,0
"1215","OB1_PD_TRINITY_DN7996_c0_g1_i2.p1","XP_052825878.1",100,265,1.59e-173,543,0
"1216","OB1_PD_TRINITY_DN1918_c0_g1_i2.p1","XP_014779739.1",99.7,308,7.06e-182,514,0
"1217","OB1_PD_TRINITY_DN63_c2_g1_i1.p1","XP_014780796.1",100,439,1.23000000015814e-314,861,0
"1218","OB1_PD_TRINITY_DN367_c0_g1_i2.p1","XP_014772668.1",100,274,6.71e-195,544,0
"1219","OB3_PD_TRINITY_DN2_c0_g2_i1.p1","CAI9724235.1",52.8,309,2.73e-105,320,0
"1220","OB1_PD_TRINITY_DN3210_c0_g1_i2.p1","XP_014778870.1",100,287,1.84e-194,544,0
"1221","OB1_PD_TRINITY_DN2501_c2_g1_i1.p1","CAI9718349.1",90.1,304,7.93e-193,541,0
"1222","OB1_PD_TRINITY_DN1955_c0_g1_i4.p1","XP_014782525.1",99.4,326,1.29e-225,626,0
"1223","OB1_PD_TRINITY_DN340_c0_g1_i2.p1","XP_014767620.1",100,747,0,1588,0
"1224","OB1_PD_TRINITY_DN2667_c0_g1_i1.p1","XP_014785201.1",100,371,3.73e-284,778,0
"1225","OB1_PD_TRINITY_DN5425_c0_g1_i2.p1","XP_014770347.1",100,313,5.52e-234,646,0
"1226","OB1_PD_TRINITY_DN226_c0_g1_i2.p1","CAI9715155.1",93.7,364,7.35e-267,734,0
"1227","OB1_PD_TRINITY_DN42775_c0_g1_i1.p1","XP_052821518.1",100,735,0,1489,0
"1228","OB1_PD_TRINITY_DN425_c0_g1_i4.p1","CAI9724267.1",86.6,247,2.18e-133,453,0
"1229","OB1_PD_TRINITY_DN251_c1_g2_i3.p1","XP_014781656.1",100,213,9.95e-153,432,0
"1230","OB1_PD_TRINITY_DN1098_c0_g1_i1.p1","XP_014767624.1",100,775,0,1697,0
"1231","OB1_PD_TRINITY_DN340_c0_g1_i1.p1","XP_014767620.1",100,878,0,1867,0
"1232","OB2_PD_TRINITY_DN11612_c0_g1_i1.p1","CAI9744326.1",52.9,238,1.33e-84,263,0
"1233","OB1_PD_TRINITY_DN4260_c1_g3_i1.p1","XP_014782301.1",100,486,0,1026,0
"1234","OB1_PD_TRINITY_DN11132_c1_g1_i3.p1","XP_014784266.1",100,205,1.17e-147,419,0
"1235","OB1_PD_TRINITY_DN648_c0_g1_i1.p1","CAI9726243.1",98,497,0,1011,0
"1236","OB1_PD_TRINITY_DN43003_c0_g1_i1.p1","XP_029635952.1",94.3,297,5.2e-215,597,0
"1237","OB1_PD_TRINITY_DN24603_c0_g1_i1.p1","XP_014782571.1",100,497,0,1014,0
"1238","OB3_PD_TRINITY_DN765_c0_g1_i2.p1","CAI9730649.1",61.8,283,2.27e-104,317,0
"1239","OB1_PD_TRINITY_DN7101_c1_g1_i5.p1","CAI9715171.1",93.3,691,0,1240,0
"1240","OB1_PD_TRINITY_DN218_c0_g2_i1.p1","XP_014790454.1",54.8,310,1.62e-105,321,0
"1241","OB1_PD_TRINITY_DN639_c0_g1_i4.p1","XP_014770986.1",100,315,5e-229,635,0
"1242","OB1_PD_TRINITY_DN1704_c0_g1_i1.p1","XP_029641498.1",96.7,780,0,1575,0
"1243","OB1_PD_TRINITY_DN5579_c1_g1_i2.p1","XP_014786701.1",100,272,1.94e-202,563,0
"1244","OB1_PD_TRINITY_DN5579_c1_g1_i1.p1","XP_014786693.1",100,297,1.24e-222,616,0
"1245","OB1_PD_TRINITY_DN62_c21_g1_i1.p1","XP_029645212.1",97.5,402,1.4e-297,815,0
"1246","OB2_PD_TRINITY_DN1_c0_g2_i1.p1","XP_014788672.1",100,409,1.82e-294,808,0
"1247","OB1_PD_TRINITY_DN3243_c1_g1_i3.p1","XP_014777241.1",100,136,6.76e-93,275,0
"1248","OB1_PD_TRINITY_DN871_c14_g1_i1.p1","XP_052833195.1",100,271,2.75e-197,550,0
"1249","OB1_PD_TRINITY_DN4568_c2_g1_i1.p1","XP_014780681.1",100,127,1.11e-89,266,0
"1250","OB1_PD_TRINITY_DN13992_c0_g1_i2.p1","XP_052821586.1",99.7,356,7.8e-262,722,0
"1251","OB1_PD_TRINITY_DN6122_c0_g1_i1.p1","XP_052821835.1",88.8,519,2.77e-296,820,0
"1252","OB1_PD_TRINITY_DN611_c0_g1_i6.p2","XP_052822282.1",100,192,3.67e-127,399,0
"1253","OB1_PD_TRINITY_DN2974_c0_g1_i2.p1","XP_014779043.1",100,495,0,1030,0
"1254","OB1_PD_TRINITY_DN2974_c0_g1_i1.p1","XP_014779043.1",100,315,1.39e-234,655,0
"1255","OB1_PD_TRINITY_DN1947_c0_g1_i4.p1","XP_029641946.1",95.9,755,0,1503,0
"1256","OB1_PD_TRINITY_DN1924_c0_g1_i8.p1","XP_014771926.1",100,208,2.85e-149,426,0
"1257","OB1_PD_TRINITY_DN639_c0_g1_i2.p1","XP_014770992.1",96.9,350,1.19e-249,689,0
"1258","OB1_PD_TRINITY_DN25727_c0_g1_i1.p1","XP_014782418.1",99.5,203,2.28e-153,433,0
"1259","OB1_PD_TRINITY_DN187_c0_g1_i2.p1","CAI9744251.1",82,206,6.99e-74,233,0
"1260","OB1_PD_TRINITY_DN1829_c0_g1_i1.p1","XP_029647574.1",96.7,492,0,1056,0
"1261","OB1_PD_TRINITY_DN25134_c0_g1_i1.p1","XP_014777911.1",100,129,4.86e-86,259,0
"1262","OB1_PD_TRINITY_DN7315_c0_g2_i1.p1","XP_014772671.1",100,270,5.13e-197,549,0
"1263","OB1_PD_TRINITY_DN231_c0_g2_i2.p1","CAI9734988.1",74.3,222,5.8e-122,355,0
"1264","OB3_PD_TRINITY_DN57_c0_g1_i1.p1","CAI9734988.1",80.2,222,5.1e-132,381,0
"1265","OB1_PD_TRINITY_DN1245_c0_g1_i1.p1","XP_052833143.1",100,414,4.43e-307,840,0
"1266","OB1_PD_TRINITY_DN3274_c0_g1_i2.p1","XP_029642525.1",91.5,459,3.12e-299,823,0
"1267","OB1_PD_TRINITY_DN9205_c0_g1_i1.p1","XP_014781232.1",100,679,0,1399,0
"1268","OB1_PD_TRINITY_DN7089_c0_g1_i1.p1","XP_029651218.1",87.9,314,5.35e-196,550,0
"1269","OB1_PD_TRINITY_DN493_c0_g2_i1.p1","CAI9733777.1",95.9,367,3.65e-262,722,0
"1270","OB2_PD_TRINITY_DN12501_c0_g1_i1.p1","XP_029645037.1",90.8,195,8.49e-126,363,0
"1271","OB1_PD_TRINITY_DN7234_c2_g1_i2.p1","CAI9740314.1",96.8,218,8.52e-161,453,0
"1272","OB1_PD_TRINITY_DN523_c0_g2_i1.p1","XP_014787706.1",100,112,1.96e-42,145,0
"1273","OB1_PD_TRINITY_DN14043_c0_g1_i1.p1","XP_014785500.1",100,734,0,1533,0
"1274","OB1_PD_TRINITY_DN3449_c0_g1_i1.p1","CAI9740923.1",73,434,7.66e-217,613,0
"1275","OB1_PD_TRINITY_DN18320_c0_g1_i1.p1","XP_029635129.1",96.3,160,3.96e-99,293,0
"1276","OB1_PD_TRINITY_DN662_c9_g3_i1.p1","XP_014776750.1",100,256,5.29e-183,513,0
"1277","OB1_PD_TRINITY_DN1354_c0_g1_i2.p1","XP_014784364.1",100,214,1.36e-155,440,0
"1278","OB2_PD_TRINITY_DN221_c0_g1_i3.p1","CAI9734988.1",77.9,222,3.83e-127,369,0
"1279","OB1_PD_TRINITY_DN1032_c0_g1_i1.p1","XP_014772669.1",100,259,2.25e-190,531,0
"1280","OB1_PD_TRINITY_DN44914_c0_g1_i1.p1","XP_029650646.1",89.8,256,3.02e-173,488,0
"1281","OB1_PD_TRINITY_DN31_c0_g1_i2.p1","XP_029651018.1",88.7,256,6.72e-164,464,0
"1282","OB1_PD_TRINITY_DN271_c29_g1_i1.p1","CAI9740900.1",61,223,1.37e-92,281,0
"1283","OB1_PD_TRINITY_DN410_c4_g1_i7.p1","XP_014770445.1",100,258,1.41e-188,527,0
"1284","OB1_PD_TRINITY_DN10_c0_g1_i1.p1","XP_052831460.1",100,268,1.26e-196,548,0
"1285","OB1_PD_TRINITY_DN8678_c0_g1_i1.p1","XP_029643127.1",72.2,194,5.27e-101,302,0
"1286","OB1_PD_TRINITY_DN1112_c0_g1_i1.p1","XP_036370901.1",86.6,388,4.8e-253,701,0
"1287","OB3_PD_TRINITY_DN400_c0_g1_i1.p1","XP_029650957.1",92.9,254,2.12e-178,501,0
"1288","OB2_PD_TRINITY_DN396_c0_g1_i1.p1","XP_014776351.1",100,254,3.32e-185,518,0
"1289","OB1_PD_TRINITY_DN5626_c0_g1_i3.p1","XP_029634984.2",94.8,427,3.62e-289,823,0
"1290","OB1_PD_TRINITY_DN24333_c0_g1_i1.p1","XP_014791103.1",100,259,1.42e-193,540,0
"1291","OB1_PD_TRINITY_DN1041_c0_g5_i1.p1","XP_014769409.1",100,258,1.24e-195,545,0
"1292","OB1_PD_TRINITY_DN1825_c1_g2_i1.p1","XP_014780657.1",100,388,1.05e-294,806,0
"1293","OB1_PD_TRINITY_DN588_c2_g1_i12.p1","XP_052826862.1",99.7,330,1.77e-248,689,0
"1294","OB1_PD_TRINITY_DN36_c0_g1_i3.p1","CAI9740508.1",87.9,140,2.12e-76,250,0
"1295","OB1_PD_TRINITY_DN3623_c0_g1_i1.p1","XP_014780847.1",100,153,3.2e-115,333,0
"1296","OB3_PD_TRINITY_DN6053_c1_g1_i1.p1","XP_029652331.1",76.1,67,1.8e-26,108,0
"1297","OB1_PD_TRINITY_DN25241_c0_g1_i1.p1","XP_029643060.1",74.9,203,1.5e-108,320,0
"1298","OB1_PD_TRINITY_DN1693_c0_g1_i2.p1","XP_029652139.1",95.6,319,1.91e-228,633,0
"1299","OB1_PD_TRINITY_DN6675_c0_g1_i2.p1","XP_014778618.1",100,379,6.31e-296,808,0
"1300","OB1_PD_TRINITY_DN4649_c0_g1_i3.p1","XP_014772729.1",100,162,6.27e-46,160,0
"1301","OB1_PD_TRINITY_DN2340_c0_g1_i1.p1","XP_029656793.1",96.5,229,2.23e-157,446,0
"1302","OB3_PD_TRINITY_DN60_c0_g1_i10.p1","CAI9740754.1",78.4,255,6.47e-147,421,0
"1303","OB2_PD_TRINITY_DN601_c0_g1_i1.p1","CAI9715378.1",99.2,119,7.11e-46,155,0
"1304","OB1_PD_TRINITY_DN2147_c0_g1_i2.p1","XP_014789945.1",100,66,6.94e-39,141,0
"1305","OB1_PD_TRINITY_DN31773_c0_g1_i1.p1","CAI9737237.1",98.2,114,5.05e-63,198,0
"1306","OB2_PD_TRINITY_DN27_c0_g2_i1.p1","XP_014772730.1",100,145,3.08e-45,155,0
"1307","OB1_PD_TRINITY_DN802_c0_g1_i1.p1","CAI9741102.1",96.3,189,7.99e-129,370,0
"1308","OB1_PD_TRINITY_DN201_c0_g4_i4.p1","CAI9734619.1",100,112,2.14e-81,247,0
"1309","OB3_PD_TRINITY_DN140_c0_g1_i18.p1","XP_052822702.1",100,67,2.93e-35,142,0
"1310","OB1_PD_TRINITY_DN2526_c2_g1_i1.p1","XP_014773703.1",100,299,9.08e-226,624,0
"1311","OB3_PD_TRINITY_DN12149_c0_g1_i1.p1","XP_014767927.1",100,241,1.28e-163,464,0
"1312","OB1_PD_TRINITY_DN1906_c1_g1_i2.p1","XP_014780041.1",99.3,146,7.68e-97,286,0
"1313","OK1_PD_TRINITY_DN5780_c2_g1_i1.p1","XP_014781241.1",87,345,3.38e-226,629,0
"1314","OK1_PD_TRINITY_DN5780_c2_g1_i2.p1","XP_014781241.1",75.1,345,1.15e-182,517,0
"1315","OK1_PD_TRINITY_DN968_c0_g1_i6.p1","XP_029647967.1",83.3,412,1.93e-243,679,0
"1316","OK1_PD_TRINITY_DN968_c0_g1_i8.p1","XP_029647967.1",84,412,2.88e-245,683,0
"1317","OK1_PD_TRINITY_DN968_c0_g1_i11.p1","XP_029647967.1",83.3,412,3.9e-243,678,0
"1318","OK1_PD_TRINITY_DN199_c0_g1_i4.p1","XP_052832783.1",93.6,328,5.35e-216,605,0
"1319","OK1_PD_TRINITY_DN199_c0_g1_i2.p1","CAI9740978.1",91.4,325,2.87e-217,605,0
"1320","OK1_PD_TRINITY_DN486_c0_g1_i2.p1","XP_014770381.1",83.9,322,6.07e-190,536,0
"1321","OK1_PD_TRINITY_DN4_c0_g2_i11.p1","XP_029654299.1",65.1,415,1.89e-173,506,0
"1322","OK1_PD_TRINITY_DN4_c0_g2_i6.p1","XP_029654299.1",65.1,415,1.05e-172,506,0
"1323","OK1_PD_TRINITY_DN46_c0_g1_i1.p1","XP_036363359.1",58.9,630,4.43e-271,791,0
"1324","OK1_PD_TRINITY_DN4_c0_g2_i9.p1","XP_029654299.1",75.3,417,2.96e-202,581,0
"1325","OK1_PD_TRINITY_DN4_c0_g2_i3.p1","XP_029654299.1",74.8,421,9.81e-202,580,0
"1326","OK1_PD_TRINITY_DN3563_c0_g2_i2.p1","XP_014769053.1",66.5,185,2.19e-88,268,0
"1327","OK1_PD_TRINITY_DN69_c0_g1_i1.p1","ACJ22647.1",97.6,254,1.35e-184,516,0
"1328","OK1_PD_TRINITY_DN10_c0_g1_i4.p1","XP_014782044.1",86.7,255,5.8e-166,469,0
"1329","OK1_PD_TRINITY_DN174_c0_g1_i1.p1","ACJ22649.1",100,255,3.33e-190,531,0
"1330","OK1_PD_TRINITY_DN569_c0_g1_i7.p1","ACJ22648.1",98.6,218,2.38e-157,446,0
"1331","OK1_PD_TRINITY_DN3540_c0_g2_i2.p1","XP_029651661.2",91.1,214,1.34e-122,381,0
"1332","OK1_PD_TRINITY_DN11359_c0_g1_i1.p1","CAI9731162.1",80.7,259,4.78e-153,437,0
"1333","OK1_PD_TRINITY_DN10_c0_g1_i13.p1","XP_014782044.1",78,255,2.03e-150,430,0
"1334","OK1_PD_TRINITY_DN145_c2_g1_i1.p1","XP_014770445.1",75.2,254,8.97e-143,411,0
"1335","OK1_PD_TRINITY_DN893_c0_g2_i3.p1","XP_029650957.1",86.5,260,1.08e-168,477,0
"1336","OK1_PD_TRINITY_DN10_c0_g1_i16.p1","ACJ22642.1",97.1,245,2.35e-174,490,0
"1337","OK1_PD_TRINITY_DN69_c0_g1_i2.p1","ACJ22646.1",97.6,254,1.11e-183,514,0
"1338","OK1_PD_TRINITY_DN376_c1_g1_i1.p1","CAI9740900.1",48.9,229,5.13e-73,232,0
"1339","OK1_PD_TRINITY_DN2053_c0_g1_i1.p1","XP_014780833.1",62.1,153,2.2e-71,222,0
"1340","OK1_PD_TRINITY_DN28430_c0_g1_i2.p1","XP_029650646.1",59.8,256,8.86e-105,315,0
"1341","OK1_PD_TRINITY_DN29_c0_g1_i3.p1","ACJ22643.1",97.6,253,1.03e-181,509,0
"1342","OK1_PD_TRINITY_DN29_c0_g1_i1.p1","ACJ22643.1",98.8,253,8.81e-185,517,0
"1343","OK1_PD_TRINITY_DN29_c0_g1_i2.p1","XP_029654766.1",83.9,255,4.21e-157,447,0
"1344","OK1_PD_TRINITY_DN32396_c0_g1_i2.p1","CAI9741102.1",86.8,189,2.17e-117,341,0
"1345","OK1_PD_TRINITY_DN15858_c0_g1_i1.p1","XP_014768645.1",82,284,3.44e-177,500,0
"1346","OK1_PD_TRINITY_DN655_c0_g1_i9.p1","XP_014784832.1",84.7,255,4.56e-160,455,0
"1347","OK1_PD_TRINITY_DN395_c0_g1_i1.p1","ACJ22639.1",99.6,257,9.85e-193,538,0
"1348","OK1_PD_TRINITY_DN22_c0_g2_i7.p1","ACJ22645.1",99.6,264,5.79e-200,556,0
"1349","OK1_PD_TRINITY_DN496_c0_g1_i1.p1","XP_052833195.1",77.6,255,1.74e-142,411,0
"1350","OK1_PD_TRINITY_DN443_c0_g1_i1.p1","XP_014772670.1",76.9,350,6.9e-196,553,0
"1351","OK1_PD_TRINITY_DN1717_c0_g1_i6.p1","XP_029645037.1",48.6,181,6.8e-52,176,0
"1352","OK1_PD_TRINITY_DN131_c0_g1_i1.p1","CAI9731161.1",79.3,275,9.17e-159,453,0
"1353","OK1_PD_TRINITY_DN1017_c0_g1_i1.p1","XP_029645037.1",87.7,195,1.11e-119,348,0
"1354","OK1_PD_TRINITY_DN340_c0_g1_i1.p1","XP_029643765.1",85.6,270,1.06e-166,473,0
"1355","OK1_PD_TRINITY_DN1544_c1_g2_i1.p1","ACJ22640.1",100,205,3.74e-149,426,0
"1356","OK1_PD_TRINITY_DN51_c0_g1_i1.p1","CAI9743040.1",74.7,237,8.9e-136,392,0
"1357","OK1_PD_TRINITY_DN19536_c0_g1_i1.p1","XP_014771924.1",94,300,6.11e-220,610,0
"1358","OK1_PD_TRINITY_DN395_c0_g1_i4.p1","ACJ22639.1",99.5,206,1.87e-150,429,0
"1359","OK1_PD_TRINITY_DN28430_c0_g1_i1.p1","XP_029650646.1",58.6,157,4.03e-56,187,0
"1360","OK1_PD_TRINITY_DN576_c0_g1_i2.p1","XP_014784363.1",94.7,243,3.55e-171,482,0
"1361","OK1_PD_TRINITY_DN576_c0_g1_i1.p1","XP_014784363.1",87.1,263,1.72e-165,468,0
"1362","OK1_PD_TRINITY_DN3444_c0_g1_i9.p1","XP_014768745.1",76.7,1228,0,1921,0
"1363","OK1_PD_TRINITY_DN3444_c0_g1_i10.p1","XP_014768745.1",78.6,1228,0,1990,0
"1364","OK1_PD_TRINITY_DN19628_c0_g1_i1.p1","XP_014774988.1",80.3,811,0,1405,0
"1365","OK1_PD_TRINITY_DN82_c0_g1_i2.p1","CAI9730649.1",49.1,291,1.95e-82,261,0
"1366","OK1_PD_TRINITY_DN2462_c0_g5_i1.p1","XP_029635418.1",83.4,373,1.95e-246,683,0
"1367","OK1_PD_TRINITY_DN2462_c0_g5_i3.p1","CAI9715155.1",83.5,364,1.71e-240,667,0
"1368","OK1_PD_TRINITY_DN2462_c0_g5_i2.p1","CAI9715155.1",80.4,378,4.75e-237,659,0
"1369","OK1_PD_TRINITY_DN1726_c0_g1_i2.p1","XP_029636121.1",90.5,189,2.91e-133,389,0
"1370","OK1_PD_TRINITY_DN229_c0_g2_i11.p1","CAI9740508.1",73.6,144,4.66e-65,221,0
"1371","OK1_PD_TRINITY_DN25800_c0_g1_i1.p1","XP_014791103.1",75.6,258,6.94e-138,399,0
"1372","OK1_PD_TRINITY_DN395_c0_g1_i8.p1","ACJ22639.1",100,113,1.76e-74,233,0
"1373","OK1_PD_TRINITY_DN19527_c0_g1_i1.p1","XP_052828401.1",71.6,352,7.23e-176,503,0
"1374","OK1_PD_TRINITY_DN33_c2_g1_i8.p1","XP_052829860.1",77.1,131,5.67e-73,227,0
"1375","OK1_PD_TRINITY_DN3444_c0_g1_i8.p1","XP_014768745.1",66.5,1228,0,1620,0
"1376","OK1_PD_TRINITY_DN508_c0_g1_i1.p1","XP_014772368.1",73.7,137,9.92e-71,219,0
"1377","OK1_PD_TRINITY_DN508_c0_g1_i2.p1","XP_014772368.1",69.2,146,1.58e-67,212,0
"1378","OK1_PD_TRINITY_DN11137_c0_g1_i1.p1","XP_014784997.1",80.9,371,2.37e-214,602,0
"1379","OK1_PD_TRINITY_DN1220_c0_g1_i2.p1","XP_014789945.1",65.1,63,3.72e-21,95.9,0
"1380","OK1_PD_TRINITY_DN82_c0_g1_i1.p1","CAI9730649.1",41.6,226,7.58e-38,144,0
"1381","OK1_PD_TRINITY_DN221_c1_g1_i1.p1","XP_014785199.1",96.4,361,2.99e-201,572,0
"1382","OK1_PD_TRINITY_DN97_c0_g1_i7.p2","CAI9744251.1",72.3,202,1.53e-54,184,0
"1383","OK1_PD_TRINITY_DN111_c0_g1_i3.p1","XP_014781238.1",83.9,397,3.06e-251,698,0
"1384","OK1_PD_TRINITY_DN312_c0_g1_i2.p1","XP_014781480.1",86.4,257,1.41e-98,299,0
"1385","OK1_PD_TRINITY_DN26_c0_g1_i1.p1","CAI9724267.1",71.5,249,6.12e-101,363,0
"1386","OK1_PD_TRINITY_DN111_c0_g1_i1.p1","XP_014781237.1",82,466,4.81e-283,784,0
"1387","OK1_PD_TRINITY_DN175_c0_g1_i1.p1","XP_029657579.1",94.6,481,0,898,0
"1388","OK1_PD_TRINITY_DN776_c0_g1_i1.p1","CAI9724272.1",61.9,247,2.95e-88,328,0
"1389","OK1_PD_TRINITY_DN150_c0_g1_i2.p1","XP_036359231.1",82.8,406,1.49e-214,611,0
"1390","OK1_PD_TRINITY_DN33559_c0_g1_i1.p1","XP_014781273.1",92.1,139,1.85e-96,284,0
"1391","OK1_PD_TRINITY_DN32429_c0_g1_i1.p1","XP_029645346.1",93.2,250,9.97e-160,453,0
"1392","OK1_PD_TRINITY_DN11844_c0_g1_i1.p1","XP_014779043.1",87.9,495,0,906,0
"1393","OK1_PD_TRINITY_DN313_c0_g2_i3.p1","XP_014778626.1",91.8,365,1.13e-266,733,0
"1394","OK1_PD_TRINITY_DN6275_c0_g1_i1.p1","XP_014768731.1",76,529,4.67e-309,854,0
"1395","OK1_PD_TRINITY_DN219_c1_g1_i2.p1","XP_014781656.1",74.2,213,3.25e-117,343,0
"1396","OK1_PD_TRINITY_DN763_c0_g1_i2.p1","XP_029653036.1",65.8,263,5.85e-135,392,0
"1397","OK1_PD_TRINITY_DN122_c0_g1_i2.p1","XP_029635494.1",87.2,759,0,1333,0
"1398","OK1_PD_TRINITY_DN892_c0_g1_i1.p1","XP_029649863.1",82,545,1.53e-281,786,0
"1399","OK1_PD_TRINITY_DN12_c0_g1_i1.p1","XP_014781344.1",68.4,955,1.15e-211,635,0
"1400","OK1_PD_TRINITY_DN2199_c0_g1_i2.p1","XP_014780657.1",97.4,388,2.66e-288,790,0
"1401","OK1_PD_TRINITY_DN1617_c0_g1_i1.p1","XP_014775432.1",85.2,411,9.33999999999999e-271,748,0
"1402","OK1_PD_TRINITY_DN19543_c0_g1_i1.p1","CAI9728181.1",81.9,443,1.92e-282,780,0
"1403","OK1_PD_TRINITY_DN33_c3_g1_i1.p1","XP_029646973.1",83.6,912,0,1569,0
"1404","OK1_PD_TRINITY_DN5026_c2_g1_i1.p1","XP_014785522.1",85.9,496,1.82999999999813e-312,860,0
"1405","OK1_PD_TRINITY_DN5314_c0_g1_i1.p1","XP_014771072.2",82.8,516,0,884,0
"1406","OK1_PD_TRINITY_DN3089_c1_g1_i1.p1","CAI9728908.1",88,625,0,1132,0
"1407","OK1_PD_TRINITY_DN28669_c0_g1_i1.p1","XP_014783603.1",88.8,689,0,1207,0
"1408","OK1_PD_TRINITY_DN26_c0_g1_i4.p1","CAI9724267.1",71.5,249,6.86e-101,363,0
"1409","OK1_PD_TRINITY_DN1329_c0_g1_i2.p1","XP_014778512.1",77.5,779,0,1134,0
"1410","OK1_PD_TRINITY_DN150_c0_g1_i4.p1","XP_036359231.1",82.7,405,2.54e-214,611,0
"1411","OK1_PD_TRINITY_DN97_c0_g1_i6.p2","CAI9744251.1",69.9,209,2.24e-53,181,0
"1412","OK1_PD_TRINITY_DN26_c0_g1_i2.p1","CAI9724267.1",71.5,249,1.24e-100,363,0
"1413","OK1_PD_TRINITY_DN402_c0_g1_i4.p1","XP_014777951.2",72.7,494,7.22e-274,762,0
"1414","OK1_PD_TRINITY_DN386_c1_g1_i1.p1","XP_029638313.1",94.4,302,4.17e-228,630,0
"1415","OK1_PD_TRINITY_DN306_c1_g1_i1.p1","XP_014780796.1",91.6,439,4.14e-292,804,0
"1416","OK1_PD_TRINITY_DN320_c0_g2_i1.p1","CAE1309418.1",77.8,252,2.81e-102,325,0
"1417","OK1_PD_TRINITY_DN313_c0_g2_i1.p1","XP_014778618.1",92.1,379,1.34e-272,749,0
"1418","OK1_PD_TRINITY_DN3034_c0_g1_i2.p1","XP_014774184.1",87.2,250,4.23e-161,457,0
"1419","OK1_PD_TRINITY_DN30115_c0_g1_i1.p1","XP_014785201.1",78.9,370,4.89e-227,634,0
"1420","OK1_PD_TRINITY_DN119_c0_g1_i1.p1","CAI9732236.1",84.6,499,0,934,0
"1421","OK1_PD_TRINITY_DN8579_c0_g1_i3.p1","XP_014770986.1",89.3,345,9.22999999999999e-224,624,0
"1422","OK1_PD_TRINITY_DN8992_c0_g1_i1.p1","CAI9744255.1",43.9,155,1.82e-30,119,0
"1423","OK1_PD_TRINITY_DN892_c0_g1_i2.p1","XP_029649862.1",80.3,580,3.62e-283,793,0
"1424","OK1_PD_TRINITY_DN5103_c3_g1_i1.p1","CAI9724318.1",53.4,148,5.41e-43,150,0
"1425","OK1_PD_TRINITY_DN4730_c0_g1_i1.p1","XP_052826943.1",93.3,507,0,1024,0
"1426","OK1_PD_TRINITY_DN11271_c0_g1_i1.p1","XP_029648127.1",85.2,851,0,1516,0
"1427","OK1_PD_TRINITY_DN5002_c0_g1_i1.p1","XP_014782853.1",89.3,521,0,993,0
"1428","OK1_PD_TRINITY_DN599_c7_g1_i4.p1","CAI9734619.1",94.6,112,1.75e-78,239,0
"1429","OK1_PD_TRINITY_DN1377_c0_g1_i1.p1","CAE1246888.1",37.8,699,1.58e-145,444,0
"1430","OK1_PD_TRINITY_DN19649_c0_g1_i1.p1","XP_014774571.1",89.4,359,3.8e-245,678,0
"1431","OK1_PD_TRINITY_DN1955_c2_g2_i3.p1","XP_029650035.1",94.1,422,5.56e-298,818,0
"1432","OK1_PD_TRINITY_DN1955_c2_g2_i2.p1","XP_029650035.1",94.6,424,3.37e-303,831,0
"1433","OK1_PD_TRINITY_DN21022_c0_g1_i1.p1","XP_029640240.1",56.7,104,3.78e-43,147,0
"1434","OK1_PD_TRINITY_DN20225_c0_g1_i1.p1","XP_052829355.1",88.4,389,5.22e-252,699,0
"1435","OK1_PD_TRINITY_DN16309_c0_g1_i1.p1","XP_014773703.1",81.5,303,3.42e-181,512,0
"1436","OK1_PD_TRINITY_DN150_c0_g1_i1.p1","XP_036359231.1",82.7,405,6.25e-214,611,0
"1437","OK1_PD_TRINITY_DN1411_c1_g1_i1.p1","XP_014775592.1",86.3,497,0,924,0
"1438","OK1_PD_TRINITY_DN1450_c0_g1_i1.p1","XP_052832718.1",74.8,405,4.38e-209,591,0
"1439","OK1_PD_TRINITY_DN26_c0_g1_i3.p1","CAI9724267.1",71.5,249,1.38e-100,363,0
"1440","OK1_PD_TRINITY_DN271_c0_g1_i1.p1","XP_029637263.1",49,143,2.19e-46,159,0
"1441","OK1_PD_TRINITY_DN29086_c0_g1_i1.p1","XP_052821586.1",82.5,355,3.92e-223,624,0
"1442","OK1_PD_TRINITY_DN28538_c0_g1_i1.p1","XP_014782301.1",79.7,482,2.31e-297,822,0
"1443","OK1_PD_TRINITY_DN24170_c0_g1_i1.p1","XP_014781554.1",79.9,488,5.85e-298,823,0
"1444","OV1_PD_SRR7130741_TRINITY_DN10221_c4_g1_i2.p1","XP_029651661.2",93,746,9.43e-282,802,0
"1445","OV1_PD_SRR7130741_TRINITY_DN10415_c6_g2_i1.p1","XP_029648178.1",99.3,412,2.58e-289,795,0
"1446","OV1_PD_SRR7130741_TRINITY_DN8901_c0_g1_i2.p1","XP_029634984.2",99.8,1101,0,2163,0
"1447","OV1_PD_SRR7130741_TRINITY_DN8595_c0_g1_i1.p1","XP_029639219.1",99.7,688,0,1271,0
"1448","OV1_PD_SRR7130741_TRINITY_DN9944_c8_g5_i1.p1","CAI9740646.1",99.3,407,5.6e-286,786,0
"1449","OV1_PD_SRR7130741_TRINITY_DN6047_c0_g1_i1.p1","XP_029638456.1",100,457,0,945,0
"1450","OV1_PD_SRR7130741_TRINITY_DN10308_c1_g2_i2.p1","XP_029650649.1",96.6,1250,0,1131,0
"1451","OV1_PD_SRR7130741_TRINITY_DN10342_c10_g1_i2.p1","CAI9740370.1",95.9,320,7.6e-215,598,0
"1452","OV1_PD_SRR7130741_TRINITY_DN10221_c4_g1_i4.p1","XP_029651661.2",99.5,216,2.73e-130,401,0
"1453","OV1_PD_SRR7130741_TRINITY_DN9250_c0_g1_i1.p1","CAI9728759.1",99.8,418,3.22999999909777e-315,861,0
"1454","OV1_PD_SRR7130741_TRINITY_DN7165_c0_g1_i3.p1","CAI9731055.1",100,436,0,915,0
"1455","OV1_PD_SRR7130741_TRINITY_DN9401_c0_g1_i1.p1","XP_029642601.1",97.5,277,1.28e-110,331,0
"1456","OV1_PD_SRR7130741_TRINITY_DN10041_c0_g2_i1.p1","XP_029649645.1",98.3,484,0,1022,0
"1457","OV1_PD_SRR7130741_TRINITY_DN10135_c4_g1_i1.p1","XP_029650035.1",100,424,0,879,0
"1458","OV1_PD_SRR7130741_TRINITY_DN8421_c0_g1_i1.p1","XP_029643779.1",98.8,341,1.91e-255,703,0
"1459","OV1_PD_SRR7130741_TRINITY_DN10128_c2_g1_i1.p1","CAI9728908.1",98.4,628,0,1238,0
"1460","OV1_PD_SRR7130741_TRINITY_DN9926_c7_g7_i1.p1","CAI9731894.1",100,352,1.07e-198,560,0
"1461","OV1_PD_SRR7130741_TRINITY_DN10206_c9_g4_i2.p1","XP_014779244.1",64.6,415,4.02e-151,443,0
"1462","OV1_PD_SRR7130741_TRINITY_DN9709_c0_g2_i3.p1","CAI9744251.1",98.5,198,5.19e-95,286,0
"1463","OV1_PD_SRR7130741_TRINITY_DN10256_c11_g1_i1.p1","XP_029650387.1",100,809,0,1182,0
"1464","OV1_PD_SRR7130741_TRINITY_DN9709_c0_g2_i2.p1","CAI9744251.1",95.1,205,1.3e-92,280,0
"1465","OV1_PD_SRR7130741_TRINITY_DN9931_c10_g1_i1.p1","XP_036359232.1",100,380,2.97e-259,722,0
"1466","OV1_PD_SRR7130741_TRINITY_DN10182_c3_g2_i1.p1","CAI9717116.1",100,528,0,1097,0
"1467","OV1_PD_SRR7130741_TRINITY_DN7698_c0_g1_i1.p1","CAI9732236.1",99.8,499,0,1078,0
"1468","OV1_PD_SRR7130741_TRINITY_DN10112_c5_g2_i4.p1","CAI9737722.1",100,347,9.28e-225,626,0
"1469","OV1_PD_SRR7130741_TRINITY_DN10405_c2_g1_i1.p1","XP_029645346.1",100,250,7.13e-169,476,0
"1470","OV1_PD_SRR7130741_TRINITY_DN4564_c0_g1_i1.p1","CAI9726567.1",99.8,481,0,981,0
"1471","OV1_PD_SRR7130741_TRINITY_DN10025_c9_g1_i1.p1","CAI9736498.1",99.4,1716,5.7e-187,619,0
"1472","OV1_PD_SRR7130741_TRINITY_DN10228_c4_g1_i1.p1","CAI9736497.1",100,330,7.54e-156,533,0
"1473","OV1_PD_SRR7130741_TRINITY_DN9905_c6_g7_i1.p1","XP_029638313.1",100,302,2.25e-241,664,0
"1474","OV1_PD_SRR7130741_TRINITY_DN9840_c0_g1_i1.p1","XP_036356290.1",99.5,183,2.6e-123,376,0
"1475","OV1_PD_SRR7130741_TRINITY_DN10245_c13_g1_i1.p1","XP_029636494.1",100,186,3.7e-146,414,0
"1476","OV1_PD_SRR7130741_TRINITY_DN7165_c0_g1_i2.p1","CAI9731055.1",98.7,224,2.51e-162,466,0
"1477","OV1_PD_SRR7130741_TRINITY_DN10060_c11_g1_i1.p1","XP_029653036.1",99.6,261,1.42e-203,565,0
"1478","OV1_PD_SRR7130741_TRINITY_DN10224_c9_g1_i1.p1","XP_029640223.1",99.7,322,5.59e-218,607,0
"1479","OV1_PD_SRR7130741_TRINITY_DN10366_c9_g8_i2.p1","XP_029646973.1",99,917,0,1837,0
"1480","OV1_PD_SRR7130741_TRINITY_DN10262_c4_g1_i2.p1","XP_029649862.1",95,579,0,942,0
"1481","OV1_PD_SRR7130741_TRINITY_DN10262_c4_g1_i1.p1","CAI9739320.1",100,544,0,939,0
"1482","OV1_PD_SRR7130741_TRINITY_DN9940_c0_g1_i1.p1","XP_029656012.1",99.5,1036,0,1617,0
"1483","OV1_PD_SRR7130741_TRINITY_DN9922_c2_g2_i2.p1","CAI9728750.1",100,507,0,1083,0
"1484","OV1_PD_SRR7130741_TRINITY_DN10175_c7_g1_i11.p1","XP_029643023.1",100,345,2.33e-258,711,0
"1485","OV1_PD_SRR7130741_TRINITY_DN9380_c0_g1_i1.p1","XP_029638795.1",99.5,411,6.8900000000624e-314,857,0
"1486","OV1_PD_SRR7130741_TRINITY_DN11772_c0_g1_i1.p1","XP_029637796.1",98.7,158,1.02e-109,319,0
"1487","OV1_PD_SRR7130741_TRINITY_DN10366_c9_g1_i1.p1","CAI9718349.1",99.6,239,4.41e-160,456,0
"1488","OV1_PD_SRR7130741_TRINITY_DN8858_c0_g1_i2.p1","XP_036368996.1",99.5,553,0,1173,0
"1489","OV1_PD_SRR7130741_TRINITY_DN21401_c0_g1_i1.p1","XP_029648188.1",100,338,7.17e-254,699,0
"1490","OV1_PD_SRR7130741_TRINITY_DN14825_c0_g1_i1.p1","CAI9721673.1",100,168,1.95e-121,350,0
"1491","OV1_PD_SRR7130741_TRINITY_DN8552_c0_g1_i1.p1","CAI9729327.1",100,398,1.16e-303,830,0
"1492","OV1_PD_SRR7130741_TRINITY_DN8858_c0_g1_i1.p1","BAX02571.1",84.1,553,0,949,0
"1493","OV1_PD_SRR7130741_TRINITY_DN8760_c0_g1_i1.p1","XP_029650810.1",96.7,422,6.65e-302,831,0
"1494","OV1_PD_SRR7130741_TRINITY_DN10256_c11_g1_i2.p1","XP_029650386.1",99.8,811,0,1193,0
"1495","OV1_PD_SRR7130741_TRINITY_DN10206_c5_g2_i1.p1","XP_029644661.1",100,473,0,1001,0
"1496","OV1_PD_SRR7130741_TRINITY_DN10051_c8_g1_i1.p1","CAI9740582.1",99.8,477,0,964,0
"1497","OV1_PD_SRR7130741_TRINITY_DN9970_c4_g5_i2.p1","XP_029638258.1",99.1,1429,6.64e-159,529,0
"1498","OV1_PD_SRR7130741_TRINITY_DN9470_c0_g1_i1.p1","CAI9734155.1",100,524,0,1089,0
"1499","OV1_PD_SRR7130741_TRINITY_DN7786_c0_g1_i1.p1","XP_029644105.1",99.4,327,4.78e-242,668,0
"1500","OV1_PD_SRR7130741_TRINITY_DN2561_c0_g1_i1.p1","XP_029636609.1",100,139,1.46e-102,300,0
"1501","OV1_PD_SRR7130741_TRINITY_DN11210_c0_g1_i1.p1","CAI9720890.1",99.5,183,2.93e-128,368,0
"1502","OV1_PD_SRR7130741_TRINITY_DN9587_c0_g1_i1.p1","CAI9744262.1",100,568,0,1175,0
"1503","OV1_PD_SRR7130741_TRINITY_DN9979_c10_g7_i1.p1","XP_036364068.1",94.5,505,0,1006,0
"1504","OV1_PD_SRR7130741_TRINITY_DN10165_c3_g3_i2.p1","XP_029646979.1",99,812,0,1694,0
"1505","OV1_PD_SRR7130741_TRINITY_DN8773_c0_g1_i1.p1","XP_029637843.1",98.4,440,0,881,0
"1506","OV1_PD_SRR7130741_TRINITY_DN10007_c7_g5_i1.p1","XP_029635494.1",99.6,755,0,1500,0
"1507","OV1_PD_SRR7130741_TRINITY_DN9966_c3_g1_i9.p1","XP_029638191.1",97.5,284,8.77999999999999e-196,547,0
"1508","OV1_PD_SRR7130741_TRINITY_DN10369_c5_g3_i1.p1","CAI9718479.1",100,141,9.47e-100,293,0
"1509","OV1_PD_SRR7130741_TRINITY_DN5358_c0_g1_i1.p1","XP_029658164.1",99.7,308,5.28e-177,502,0
"1510","OV1_PD_SRR7130741_TRINITY_DN9889_c12_g1_i1.p1","XP_029633597.1",99.1,440,1.14999999999799e-312,856,0
"1511","OV1_PD_SRR7130741_TRINITY_DN10155_c5_g3_i2.p1","XP_029645037.1",100,197,9.69e-143,406,0
"1512","OV1_PD_SRR7130741_TRINITY_DN10157_c4_g1_i2.p1","CAI9715155.1",100,364,1.9e-278,763,0
"1513","OV1_PD_SRR7130741_TRINITY_DN9989_c0_g1_i7.p1","CAI9724267.1",99.2,246,3.93e-154,509,0
"1514","OV1_PD_SRR7130741_TRINITY_DN10236_c5_g6_i1.p1","XP_029638381.1",99.7,288,7.41e-190,533,0
"1515","OV1_PD_SRR7130741_TRINITY_DN9835_c0_g1_i1.p1","XP_029636478.1",99.2,370,1.51e-278,764,0
"1516","OV1_PD_SRR7130741_TRINITY_DN10394_c2_g1_i1.p1","XP_036361630.1",100,414,1.56e-215,608,0
"1517","OV1_PD_SRR7130741_TRINITY_DN10071_c7_g10_i1.p1","CAI9739477.1",100,364,1.05e-260,726,0
"1518","OV1_PD_SRR7130741_TRINITY_DN10166_c4_g4_i2.p1","XP_052833195.1",88.2,271,1.3e-170,483,0
"1519","OV1_PD_SRR7130741_TRINITY_DN23032_c0_g1_i1.p1","CAI9741102.1",100,189,9.02e-135,385,0
"1520","OV1_PD_SRR7130741_TRINITY_DN8828_c0_g1_i1.p1","XP_029646978.1",97.5,203,2.99e-149,423,0
"1521","OV1_PD_SRR7130741_TRINITY_DN11483_c0_g1_i1.p1","XP_029643765.1",98.9,268,6.18e-193,539,0
"1522","OV1_PD_SRR7130741_TRINITY_DN10403_c1_g2_i1.p1","CAI9731030.1",100,499,0,985,0
"1523","OV1_PD_SRR7130741_TRINITY_DN10362_c0_g1_i3.p1","CAI9742234.1",98.5,264,1.94e-198,552,0
"1524","OV1_PD_SRR7130741_TRINITY_DN9996_c7_g4_i1.p1","CAI9731730.1",100,268,1.73e-203,565,0
"1525","OV1_PD_SRR7130741_TRINITY_DN10245_c10_g1_i2.p1","CAI9740275.1",100,254,1.52e-181,509,0
"1526","OV1_PD_SRR7130741_TRINITY_DN9995_c3_g4_i2.p1","CAI9740900.1",100,222,3.6e-164,462,0
"1527","OV1_PD_SRR7130741_TRINITY_DN10221_c5_g3_i10.p1","CAI9724880.1",78.6,159,4.5e-77,240,0
"1528","OV1_PD_SRR7130741_TRINITY_DN9917_c1_g1_i1.p1","XP_029650646.1",98.4,256,5.51e-185,518,0
"1529","OV1_PD_SRR7130741_TRINITY_DN10035_c4_g3_i4.p1","CAI9740616.1",100,254,3.32e-185,518,0
"1530","OV1_PD_SRR7130741_TRINITY_DN7945_c0_g1_i1.p1","XP_029640970.1",100,388,1.5e-294,806,0
"1531","OV1_PD_SRR7130741_TRINITY_DN10387_c4_g2_i6.p1","CAI9740465.1",93.9,179,4.44e-120,350,0
"1532","OV1_PD_SRR7130741_TRINITY_DN9930_c4_g1_i1.p1","XP_029650957.1",99.2,260,1.79e-192,537,0
"1533","OV1_PD_SRR7130741_TRINITY_DN3715_c0_g1_i1.p1","CAI9730048.1",99.5,203,1.8e-150,426,0
"1534","OV1_PD_SRR7130741_TRINITY_DN11859_c0_g1_i1.p1","XP_029635811.1",99.2,259,5.53e-191,533,0
"1535","OV1_PD_SRR7130741_TRINITY_DN9824_c1_g1_i1.p1","XP_029642563.1",99.5,379,2.46e-293,802,0
"1536","OV1_PD_SRR7130741_TRINITY_DN10129_c9_g2_i2.p1","XP_036356061.1",99.4,154,5.1e-117,337,0
"1537","OV1_PD_SRR7130741_TRINITY_DN10381_c2_g2_i19.p1","XP_029650854.1",94.4,234,1.13e-162,460,0
"1538","OV1_PD_SRR7130741_TRINITY_DN10000_c9_g1_i1.p1","XP_029652139.1",99.7,319,2.35e-238,658,0
"1539","OV1_PD_SRR7130741_TRINITY_DN10038_c4_g4_i2.p1","XP_036363358.1",99.4,323,1.44e-232,681,0
"1540","OV1_PD_SRR7130741_TRINITY_DN10106_c9_g1_i1.p1","CAI9741642.1",98.7,159,1.19e-33,129,0
"1541","OV1_PD_SRR7130741_TRINITY_DN9896_c1_g4_i1.p2","CAI9742095.1",92.5,134,7.04e-61,194,0
"1542","OV1_PD_SRR7130741_TRINITY_DN9896_c1_g4_i2.p1","XP_029652328.1",97.5,162,8.57e-58,188,0
"1543","OV1_PD_SRR7130741_TRINITY_DN10340_c4_g1_i2.p1","CAI9723784.1",86.3,139,2.17e-80,250,0
"1544","SB2_JR_TRINITY_DN6460_c0_g1_i1.p1","XP_052833673.1",47.5,3498,0,3096,0
"1545","SB5_PN_TRINITY_DN11569_c0_g2_i1.p1","CAE1235980.1",98.4,1519,0,2980,0
"1546","SB5_PN_TRINITY_DN11569_c0_g2_i4.p2","CAE1235980.1",98.2,1204,0,2356,0
"1547","SB2_JR_TRINITY_DN592_c0_g1_i8.p1","CAE1258370.1",89.3,272,1.76e-142,452,0
"1548","SB10_PN_TRINITY_DN5946_c0_g3_i2.p1","CAE1258373.1",46.4,1165,7.18e-116,400,0
"1549","SB3_JR_TRINITY_DN11315_c0_g1_i1.p1","CAE1331197.1",89.4,624,0,1160,0
"1550","SB8_PN_TRINITY_DN10159_c0_g1_i6.p1","CAE1312476.1",41.2,643,3.54e-168,506,0
"1551","SB10_PN_TRINITY_DN942_c0_g1_i1.p1","CAE1314595.1",82,261,6.01e-158,474,0
"1552","SB10_PN_TRINITY_DN942_c0_g1_i6.p1","CAE1314595.1",85.3,258,8.03e-166,494,0
"1553","SB1_JR_TRINITY_DN25311_c0_g1_i1.p1","CAE1304337.1",88.8,393,1.05e-250,721,0
"1554","SB3_JR_TRINITY_DN2526_c0_g1_i5.p1","CAE1314595.1",89.1,258,8.68e-172,509,0
"1555","SB1_JR_TRINITY_DN1199_c0_g1_i1.p1","CAE1322612.1",90.7,472,7.33e-286,818,0
"1556","SB7_PN_TRINITY_DN13280_c0_g1_i2.p1","XP_029634117.1",40.4,569,1.48e-123,388,0
"1557","SB5_PN_TRINITY_DN7733_c0_g1_i6.p2","XP_029634117.1",39,480,3.14e-94,309,0
"1558","SB8_PN_TRINITY_DN699_c0_g1_i2.p1","CAE1313904.1",83.3,269,3.95e-111,372,0
"1559","SB6_PN_TRINITY_DN77021_c0_g1_i11.p1","CAE1314595.1",85.7,258,4.19e-166,495,0
"1560","SB2_JR_TRINITY_DN2497_c0_g1_i5.p1","CAE1310993.1",87.7,2193,0,3601,0
"1561","SB8_PN_TRINITY_DN10159_c0_g1_i7.p1","XP_029649278.2",46,480,1.41e-135,418,0
"1562","SB3_JR_TRINITY_DN2505_c0_g1_i1.p1","CAE1159862.1",89.1,1408,0,2395,0
"1563","SB2_JR_TRINITY_DN699_c0_g1_i4.p1","CAE1314595.1",88.4,258,2.08e-170,506,0
"1564","SB10_PN_TRINITY_DN942_c0_g1_i2.p1","CAE1314595.1",83.5,261,3.92e-161,482,0
"1565","SB4_JR_TRINITY_DN310_c0_g1_i1.p1","CAE1314595.1",83.9,261,6.9e-162,484,0
"1566","SB10_PN_TRINITY_DN25864_c0_g1_i1.p1","XP_035693188.1",38.5,379,4.91e-74,248,0
"1567","SB1_JR_TRINITY_DN11666_c0_g1_i2.p1","CAE1238891.1",85.3,1133,0,1852,0
"1568","SB4_JR_TRINITY_DN3949_c2_g1_i3.p1","CAE1312476.1",38.7,390,6.51e-90,296,0
"1569","SB2_JR_TRINITY_DN13503_c0_g1_i9.p1","XP_014779875.1",43.7,375,1.63e-108,335,0
"1570","SB2_JR_TRINITY_DN13503_c0_g1_i8.p1","XP_014779875.1",44.4,376,2.61e-110,340,0
"1571","SB1_JR_TRINITY_DN4865_c0_g1_i3.p1","CAE1271131.1",80.3,644,2.84e-280,789,0
"1572","SB7_PN_TRINITY_DN945_c0_g1_i10.p1","XP_029647970.1",46.8,376,5.34e-113,347,0
"1573","SB2_JR_TRINITY_DN63974_c0_g1_i1.p1","CAE1322390.1",92.3,443,6.24e-282,782,0
"1574","SB8_PN_TRINITY_DN9967_c0_g1_i1.p1","CAE1174190.1",96.1,1004,0,1979,0
"1575","SB1_JR_TRINITY_DN1548_c0_g1_i1.p1","XP_014771098.1",61.4,350,1.37e-160,467,0
"1576","SB2_JR_TRINITY_DN8397_c0_g1_i9.p1","CAE1316897.1",58.9,706,1.05e-280,805,0
"1577","SB10_PN_TRINITY_DN4337_c0_g1_i6.p1","CAE1233243.1",87.1,630,0,1111,0
"1578","SB2_JR_TRINITY_DN1734_c0_g1_i1.p1","XP_061186425.1",28.8,146,1.01e-07,64.7,0
"1579","SB1_JR_TRINITY_DN8261_c0_g1_i1.p1","CAE1306498.1",90.5,473,2.86e-297,837,0
"1580","SB4_JR_TRINITY_DN310_c0_g1_i10.p1","CAE1314595.1",85.2,230,3.95e-147,439,0
"1581","SB10_PN_TRINITY_DN6585_c1_g1_i1.p1","CAE1298785.1",64.4,738,0,919,0
"1582","SB6_PN_TRINITY_DN187693_c0_g1_i2.p1","CAI9737014.1",66.7,327,1.27e-161,468,0
"1583","SB8_PN_TRINITY_DN271_c0_g1_i3.p1","XP_029647970.1",48.1,376,5.97e-120,364,0
"1584","SB4_JR_TRINITY_DN301_c0_g1_i1.p1","CAE1294728.1",99.4,631,0,1197,0
"1585","SB1_JR_TRINITY_DN1499_c0_g1_i11.p1","CAE1300717.1",78.8,778,0,1136,0
"1586","SB5_PN_TRINITY_DN2757_c0_g1_i4.p1","CAE1245417.1",82.3,655,0,1002,0
"1587","SB2_JR_TRINITY_DN46929_c0_g1_i1.p1","CAE1239929.1",96,374,4.44e-274,760,0
"1588","SB1_JR_TRINITY_DN18091_c0_g1_i4.p1","XP_029650946.1",34.5,391,1.86e-57,204,0
"1589","SB1_JR_TRINITY_DN64139_c0_g1_i1.p1","CAE1262780.1",93.2,397,7.33e-263,731,0
"1590","SB5_PN_TRINITY_DN16896_c0_g1_i2.p1","XP_029640071.1",42.1,240,1.12e-61,222,0
"1591","SB6_PN_TRINITY_DN492111_c0_g1_i1.p1","CAE1272963.1",92.7,245,1.18e-170,490,0
"1592","SB2_JR_TRINITY_DN2624_c0_g1_i3.p1","XP_029633661.1",67,1126,0,1497,0
"1593","SB5_PN_TRINITY_DN16896_c0_g1_i1.p1","XP_029640071.1",43,316,4.06e-82,284,0
"1594","SB10_PN_TRINITY_DN26706_c0_g1_i1.p1","CAE1315741.1",91.9,923,0,1757,0
"1595","SB1_JR_TRINITY_DN503_c0_g1_i6.p1","CAI9720812.1",65.3,527,1.79e-267,750,0
"1596","SB1_JR_TRINITY_DN4865_c0_g1_i1.p1","CAE1271131.1",74.6,272,2.48e-141,430,0
"1597","SB1_JR_TRINITY_DN1657_c0_g1_i1.p1","CAI9718836.1",58.8,1528,0,1721,0
"1598","SB10_PN_TRINITY_DN52881_c0_g1_i1.p1","XP_014768645.1",49.4,265,3.27e-93,288,0
"1599","SB6_PN_TRINITY_DN192316_c0_g3_i3.p1","XP_036366485.1",56.9,350,2.13e-145,460,0
"1600","SB1_JR_TRINITY_DN4865_c0_g1_i2.p1","CAE1271131.1",67.2,317,2.26e-143,434,0
"1601","SB9_PN_TRINITY_DN83917_c0_g1_i1.p1","KAG8571885.1",31.5,184,3.73e-23,107,0
"1602","SB6_PN_TRINITY_DN33856_c0_g1_i1.p1","XP_014775724.1",49.2,197,8.69e-54,197,0
"1603","SB1_JR_TRINITY_DN735_c0_g1_i6.p1","CAE1248477.1",85.7,1516,0,2471,0
"1604","SB1_JR_TRINITY_DN7500_c0_g1_i1.p1","XP_036354387.1",36.5,249,7.91e-43,161,0
"1605","SB1_JR_TRINITY_DN462_c2_g1_i3.p1","CAE1160864.1",73.2,1215,0,1659,0
"1606","SB1_JR_TRINITY_DN4516_c1_g1_i2.p1","XP_036369247.1",59.2,306,7.28e-126,373,0
"1607","SB1_JR_TRINITY_DN66161_c0_g1_i1.p1","XP_036362498.1",54.2,378,3.12e-143,432,0
"1608","SB1_JR_TRINITY_DN2613_c1_g1_i1.p1","XP_029636725.1",63.7,1598,0,1776,0
"1609","SB10_PN_TRINITY_DN1904_c0_g1_i1.p1","XP_029635428.1",55.2,2076,0,2240,0
"1610","SB1_JR_TRINITY_DN107_c0_g1_i1.p1","CAE1249358.1",76.5,459,3.66e-224,637,0
"1611","SB1_JR_TRINITY_DN91_c0_g1_i6.p1","CAE1328305.1",89.4,1080,4.62e-254,763,0
"1612","SB10_PN_TRINITY_DN7656_c0_g1_i2.p1","CAE1165727.1",81.3,704,0,1098,0
"1613","SB6_PN_TRINITY_DN107883_c0_g1_i1.p1","XP_036357288.1",33.6,1060,2.85e-177,562,0
"1614","SB1_JR_TRINITY_DN4032_c1_g1_i2.p1","XP_014781544.1",65.7,1753,0,2039,0
"1615","SB7_PN_TRINITY_DN7004_c0_g1_i5.p1","CAE1238891.1",96.7,850,0,1641,0
"1616","SB4_JR_TRINITY_DN2202_c0_g2_i3.p1","CAE1271131.1",74.6,272,4.69e-141,430,0
"1617","SB2_JR_TRINITY_DN5134_c1_g1_i2.p1","XP_036357774.1",70.9,3428,0,5345,0
"1618","SB1_JR_TRINITY_DN16816_c0_g1_i1.p1","CAI9740018.1",69.2,305,4.6e-156,454,0
"1619","SB10_PN_TRINITY_DN5350_c1_g1_i1.p1","CAE1227535.1",95.1,369,1.71e-264,731,0
"1620","SB7_PN_TRINITY_DN8808_c0_g1_i1.p1","CAE1315741.1",89.1,923,0,1710,0
"1621","SB10_PN_TRINITY_DN23631_c0_g1_i1.p1","WOE89242.1",52,175,3.85e-53,177,0
"1622","SB7_PN_TRINITY_DN5146_c4_g1_i1.p1","CAE1288439.1",80.6,160,2.5e-86,280,0
"1623","SB1_JR_TRINITY_DN121_c0_g1_i16.p1","XP_052832937.1",52.9,4869,0,4560,0
"1624","SB1_JR_TRINITY_DN5907_c0_g1_i2.p1","CAE1316801.1",85.6,395,1.38e-244,682,0
"1625","SB10_PN_TRINITY_DN274_c0_g1_i1.p1","CAE1332595.1",97.9,187,1.51e-118,402,0
"1626","SB6_PN_TRINITY_DN25788_c0_g1_i3.p1","XP_052830740.1",59.9,197,1.46e-84,265,0
"1627","SB10_PN_TRINITY_DN29766_c0_g1_i1.p1","CAI9734207.1",63,810,0,1097,0
"1628","SB5_PN_TRINITY_DN16774_c0_g1_i2.p1","XP_029636186.1",72.4,344,2.06e-173,514,0
"1629","SB5_PN_TRINITY_DN10386_c0_g1_i2.p1","CAE1296430.1",95.1,265,3.56e-178,503,0
"1630","SB10_PN_TRINITY_DN29050_c0_g1_i1.p1","WOE89241.1",77.2,158,2.35e-83,253,0
"1631","SB1_JR_TRINITY_DN3455_c1_g2_i2.p1","CAE1143372.1",89,365,3.17e-225,652,0
"1632","SB10_PN_TRINITY_DN72136_c0_g1_i1.p1","CAE1318077.1",60.5,152,2.87e-51,171,0
"1633","SB2_JR_TRINITY_DN65488_c0_g1_i1.p1","AKI30062.1",77.7,319,4.37e-195,548,0
"1634","SB5_PN_TRINITY_DN7491_c0_g2_i4.p1","CAE1230767.1",83,382,6.16e-240,673,0
"1635","SB1_JR_TRINITY_DN32649_c0_g1_i1.p1","AFV94411.1",63.8,920,0,1203,0
"1636","SB1_JR_TRINITY_DN9308_c0_g1_i2.p1","CAE1313910.1",91.1,347,8.43e-240,666,0
"1637","SB1_JR_TRINITY_DN64591_c0_g1_i2.p1","CAE1255008.1",89.9,853,0,1600,0
"1638","SB1_JR_TRINITY_DN57333_c0_g1_i1.p1","CAI9724010.1",49.7,350,4.63e-94,300,0
"1639","SB4_JR_TRINITY_DN259_c0_g2_i7.p1","CAI9728190.1",48.6,3624,0,2845,0
"1640","SB1_JR_TRINITY_DN1915_c0_g1_i4.p2","XP_029633790.1",73.5,151,2.25e-76,237,0
"1641","SB1_JR_TRINITY_DN6924_c0_g1_i2.p1","CAI9737162.1",56.5,1222,0,1319,0
"1642","SB2_JR_TRINITY_DN273_c0_g1_i2.p1","XP_029655372.1",55.5,2893,0,3045,0
"1643","SB3_JR_TRINITY_DN20657_c0_g1_i1.p2","CAE1172507.1",99.1,212,5.76e-149,436,0
"1644","SB5_PN_TRINITY_DN2037_c0_g1_i1.p1","CAE1147228.1",93.8,241,5.29e-148,442,0
"1645","SB1_JR_TRINITY_DN985_c0_g1_i2.p1","CAE1304236.1",84.9,259,2.43e-107,329,0
"1646","SB1_JR_TRINITY_DN2092_c0_g1_i2.p1","XP_029641000.1",66.6,581,3.24e-297,833,0
"1647","SB1_JR_TRINITY_DN10306_c0_g1_i1.p1","CAE1247651.1",98.8,336,4.89e-250,692,0
"1648","SB5_PN_TRINITY_DN1429_c0_g1_i2.p1","CAE1293091.1",97.3,707,0,1123,0
"1649","SB1_JR_TRINITY_DN982_c1_g1_i1.p1","WOE89250.1",58.4,137,3.48e-45,154,0
"1650","SB1_JR_TRINITY_DN3071_c0_g1_i1.p1","CAE1231119.1",93.8,258,6.89e-159,457,0
"1651","SB1_JR_TRINITY_DN55537_c0_g1_i1.p1","CAE1173162.1",91.3,814,0,1098,0
"1652","SB5_PN_TRINITY_DN25815_c0_g1_i16.p1","XP_036366485.1",49.1,350,6.8e-116,379,0
"1653","SB10_PN_TRINITY_DN4641_c0_g1_i5.p1","CAE1306931.1",91.2,193,2.99e-50,194,0
"1654","SB2_JR_TRINITY_DN4482_c0_g1_i3.p1","CAE1255074.1",93.5,1040,0,2064,0
"1655","SB5_PN_TRINITY_DN6341_c0_g1_i1.p1","CAE1324737.1",40.9,516,8.81e-101,317,0
"1656","SB5_PN_TRINITY_DN5413_c0_g1_i3.p1","CAE1328950.1",97.1,627,0,1288,0
"1657","SB1_JR_TRINITY_DN3809_c0_g1_i1.p1","CAE1308335.1",89.9,537,0,938,0
"1658","SB1_JR_TRINITY_DN2562_c0_g1_i1.p1","XP_052830250.1",46,396,5.1e-111,342,0
"1659","SB10_PN_TRINITY_DN94826_c0_g1_i1.p1","CAI9735765.1",65,117,1.3e-51,171,0
"1660","SB5_PN_TRINITY_DN2517_c1_g1_i3.p1","CAE1307932.1",92.3,222,1.88e-141,434,0
"1661","SB5_PN_TRINITY_DN17827_c0_g1_i3.p1","XP_052823300.1",88.4,679,0,1186,0
"1662","SB1_JR_TRINITY_DN613_c0_g1_i2.p1","XP_014779739.1",52.9,206,3.64e-77,251,0
"1663","SB4_JR_TRINITY_DN2651_c0_g2_i1.p1","XP_036367235.1",65.7,791,0,1100,0
"1664","SB1_JR_TRINITY_DN39989_c0_g1_i1.p1","CAE1284085.1",91.8,855,0,1676,0
"1665","SB8_PN_TRINITY_DN67623_c0_g1_i1.p1","CAE1147229.1",99.3,153,4.82e-96,304,0
"1666","SB1_JR_TRINITY_DN55557_c0_g1_i1.p1","CAE1332630.1",74.5,459,7.71e-249,709,0
"1667","SB1_JR_TRINITY_DN64138_c0_g1_i1.p1","XP_029637609.1",72.5,131,3.83e-67,213,0
"1668","SB1_JR_TRINITY_DN25317_c0_g1_i1.p1","CAI9739057.1",74.3,440,6.85e-264,735,0
"1669","SB1_JR_TRINITY_DN6805_c0_g1_i1.p1","CAE1175485.1",85.8,381,4.56e-259,720,0
"1670","SB6_PN_TRINITY_DN17261_c1_g1_i2.p1","CAE1229910.1",87,285,9.13e-179,512,0
"1671","SB6_PN_TRINITY_DN119472_c0_g1_i1.p1","CAE1275410.1",94.7,300,5.9e-194,584,0
"1672","SB5_PN_TRINITY_DN1811_c0_g1_i19.p1","CAE1285195.1",83,584,0,1009,0
"1673","SB1_JR_TRINITY_DN1338_c0_g1_i1.p1","CAI9732236.1",65,472,6.99e-241,679,0
"1674","SB8_PN_TRINITY_DN6197_c0_g1_i1.p1","CAE1312378.1",67,191,7.7e-96,287,0
"1675","SB7_PN_TRINITY_DN3916_c0_g1_i3.p1","XP_029644700.1",65.5,406,1.65e-157,504,0
"1676","SB5_PN_TRINITY_DN42867_c0_g1_i3.p1","CAE1257204.1",70.9,127,9.47e-49,177,0
"1677","SB7_PN_TRINITY_DN5897_c0_g2_i1.p1","CAI9723923.1",88.1,168,2.75e-111,347,0
"1678","SB1_JR_TRINITY_DN10932_c0_g1_i1.p1","XP_041350337.1",65.9,229,3.86e-100,303,0
"1679","SB8_PN_TRINITY_DN6581_c1_g1_i2.p1","CAE1159052.1",86.8,749,0,1293,0
"1680","SB10_PN_TRINITY_DN1366_c0_g1_i1.p1","CAE1291509.1",92.6,515,0,978,0
"1681","SB1_JR_TRINITY_DN420_c0_g1_i1.p1","CAE1252332.1",92.2,1741,0,3207,0
"1682","SB10_PN_TRINITY_DN5852_c0_g1_i5.p1","CAE1159052.1",94.9,687,0,1306,0
"1683","SB5_PN_TRINITY_DN69972_c1_g1_i1.p1","CAE1248944.1",88.4,481,0,887,0
"1684","SB7_PN_TRINITY_DN2858_c0_g1_i4.p1","XP_014769621.1",58.5,130,5.95e-40,153,0
"1685","SB5_PN_TRINITY_DN133693_c0_g1_i1.p1","XP_052828338.1",62.9,315,4.6e-133,393,0
"1686","SB10_PN_TRINITY_DN16998_c0_g1_i1.p1","CAE1266297.1",78.3,175,5.07e-91,287,0
"1687","SB5_PN_TRINITY_DN24_c0_g1_i2.p1","CAE1304336.1",98.1,319,2.37e-142,494,0
"1688","SB6_PN_TRINITY_DN33597_c0_g1_i1.p1","CAE1233689.1",87.8,295,8.07e-202,572,0
"1689","SB10_PN_TRINITY_DN16998_c0_g2_i1.p1","CAE1266297.1",76.6,175,2.76e-90,285,0
"1690","SB1_JR_TRINITY_DN1948_c0_g1_i9.p1","CAE1278628.1",71.6,380,1.54e-173,521,0
"1691","SB1_JR_TRINITY_DN7706_c0_g1_i1.p1","CAE1137474.1",92,460,0,879,0
"1692","SB10_PN_TRINITY_DN14640_c0_g1_i5.p1","XP_014770860.1",63.8,354,6.1e-163,478,0
"1693","SB8_PN_TRINITY_DN7762_c0_g1_i3.p1","CAE1266297.1",76.6,175,2.76e-90,285,0
"1694","SB6_PN_TRINITY_DN1823_c1_g1_i3.p1","XP_014781698.2",69,477,2.52e-238,671,0
"1695","SB1_JR_TRINITY_DN41422_c0_g1_i1.p1","CAE1328965.1",96,223,1.47e-150,434,0
"1696","SB6_PN_TRINITY_DN69122_c0_g2_i10.p1","CAE1272698.1",89.8,196,2.41e-97,301,0
"1697","SB7_PN_TRINITY_DN8520_c0_g2_i1.p1","XP_041360844.1",45.5,525,5.41e-168,503,0
"1698","SB10_PN_TRINITY_DN31037_c0_g1_i12.p1","CAI9730866.1",83,106,2.41e-54,186,0
"1699","SB6_PN_TRINITY_DN709_c0_g1_i1.p1","CAE1229875.1",80.8,380,1.81e-208,630,0
"1700","SB6_PN_TRINITY_DN10672_c0_g1_i14.p1","CAE1147228.1",99.6,251,7.78e-176,513,0
"1701","SB5_PN_TRINITY_DN15463_c0_g1_i2.p1","CAE1158499.1",91.1,291,8.08e-173,536,0
"1702","SB1_JR_TRINITY_DN58297_c0_g1_i1.p1","CAE1258858.1",94.2,382,9.74999999999999e-273,751,0
"1703","SB1_JR_TRINITY_DN4129_c0_g1_i2.p1","XP_014777908.1",80.1,292,3.8e-180,509,0
"1704","SB6_PN_TRINITY_DN10270_c0_g1_i3.p1","CAE1245480.1",94,215,2.34e-142,414,0
"1705","SB5_PN_TRINITY_DN231_c0_g1_i3.p1","CAE1323305.1",98.5,275,5.38e-185,532,0
"1706","SB5_PN_TRINITY_DN25262_c0_g1_i1.p1","CAE1173160.1",90.7,771,0,1021,0
"1707","SB5_PN_TRINITY_DN7491_c0_g2_i1.p1","CAE1230767.1",87.3,307,8.26e-199,566,0
"1708","SB10_PN_TRINITY_DN57350_c0_g1_i1.p1","CAE1303696.1",75.6,475,1.07e-248,698,0
"1709","SB6_PN_TRINITY_DN5113_c0_g1_i4.p1","CAE1175019.1",85.5,275,3.7e-148,464,0
"1710","SB8_PN_TRINITY_DN34149_c1_g1_i1.p1","CAI9720776.1",75.8,409,4.17e-223,630,0
"1711","SB1_JR_TRINITY_DN33151_c0_g1_i1.p1","CAE1288317.1",89.5,542,0,1028,0
"1712","SB9_PN_TRINITY_DN8723_c0_g1_i8.p1","CAE1312427.1",87.1,280,5.19e-168,490,0
"1713","SB5_PN_TRINITY_DN42867_c0_g1_i2.p1","CAE1257204.1",74.1,116,3.51e-50,181,0
"1714","SB7_PN_TRINITY_DN4935_c0_g1_i1.p1","AER46070.1",72.3,520,3.19e-268,751,0
"1715","SB5_PN_TRINITY_DN36464_c0_g1_i1.p1","CAE1316897.1",73.9,337,5.07e-186,540,0
"1716","SB8_PN_TRINITY_DN66177_c0_g1_i3.p1","CAI9722561.1",71.3,108,1.14e-51,175,0
"1717","SB5_PN_TRINITY_DN231_c0_g1_i2.p1","CAE1323305.1",98.6,210,1.48e-137,407,0
"1718","SB1_JR_TRINITY_DN381_c0_g1_i2.p1","CAE1178314.1",91.8,391,7.38e-281,774,0
"1719","SB6_PN_TRINITY_DN359066_c0_g1_i1.p1","XP_060576095.1",43.1,109,1.66e-23,102,0
"1720","SB1_JR_TRINITY_DN657_c3_g1_i1.p1","CAE1293597.1",73.3,292,3.46e-139,407,0
"1721","SB1_JR_TRINITY_DN8387_c0_g1_i1.p1","XP_029649167.1",68,128,8.01e-56,182,0
"1722","SB1_JR_TRINITY_DN3106_c0_g3_i1.p2","QHI00148.1",98.1,161,1.1e-110,322,0
"1723","SB4_JR_TRINITY_DN33528_c0_g1_i1.p1","CAI9744251.1",34.7,190,4.59e-30,120,0
"1724","SB1_JR_TRINITY_DN40019_c0_g1_i1.p1","CAE1298906.1",91.9,346,1.66e-248,687,0
"1725","SB1_JR_TRINITY_DN3771_c0_g1_i1.p1","CAE1249094.1",96.4,1042,0,1551,0
"1726","SB1_JR_TRINITY_DN56142_c0_g1_i1.p1","CAE1158499.1",90.6,320,1.07e-192,590,0
"1727","SB2_JR_TRINITY_DN2108_c0_g1_i2.p1","XP_052831066.1",67.3,223,6.11e-108,325,0
"1728","SB10_PN_TRINITY_DN5393_c1_g1_i7.p1","XP_014778328.1",45.5,220,1.23e-66,224,0
"1729","SB5_PN_TRINITY_DN42867_c0_g1_i10.p1","CAE1257204.1",72.2,115,4.06e-47,172,0
"1730","SB8_PN_TRINITY_DN2674_c0_g1_i2.p1","XP_029649757.1",47.6,309,2.28e-86,280,0
"1731","SB6_PN_TRINITY_DN6847_c0_g1_i1.p1","CAE1310648.1",95,121,3.52e-71,228,0
"1732","SB6_PN_TRINITY_DN40344_c1_g1_i1.p1","BAI67804.1",64.5,290,8.09e-120,384,0
"1733","SB1_JR_TRINITY_DN11042_c4_g2_i1.p1","CAE1268834.1",93.4,351,1.23e-247,684,0
"1734","SB1_JR_TRINITY_DN5850_c0_g1_i2.p1","XP_029649757.1",51,473,1.03e-164,488,0
"1735","SB9_PN_TRINITY_DN100056_c0_g1_i2.p1","CAE1266505.1",61.7,585,1.24e-226,650,0
"1736","SB6_PN_TRINITY_DN7840_c0_g1_i2.p1","CAE1247237.1",98.1,52,2.61e-31,119,0
"1737","SB5_PN_TRINITY_DN37812_c0_g1_i1.p1","CAE1292234.1",82.8,524,1.31e-290,806,0
"1738","SB5_PN_TRINITY_DN6578_c0_g1_i2.p2","XP_029649757.1",69,58,3.24e-17,87.4,0
"1739","SB5_PN_TRINITY_DN42867_c0_g1_i4.p1","CAE1257204.1",73.1,119,3.32e-49,178,0
"1740","SB1_JR_TRINITY_DN4981_c0_g1_i4.p1","CAI9719638.1",58,376,2.16e-148,437,0
"1741","SB6_PN_TRINITY_DN1809_c0_g1_i26.p1","CAE1321059.1",81.5,422,1.1e-247,702,0
"1742","SB1_JR_TRINITY_DN40236_c0_g1_i1.p1","XP_014783233.1",50.8,476,3.13e-170,500,0
"1743","SB2_JR_TRINITY_DN16250_c0_g1_i2.p1","XP_014774895.1",55.6,487,3.63e-197,568,0
"1744","SB6_PN_TRINITY_DN22424_c0_g1_i4.p1","CAE1304336.1",100,185,3.82e-123,393,0
"1745","SB1_JR_TRINITY_DN42361_c0_g1_i1.p1","AKI30064.1",86.1,223,2.14e-153,435,0
"1746","SB10_PN_TRINITY_DN3783_c0_g1_i1.p1","BBA45694.1",93.7,552,0,1113,0
"1747","SB10_PN_TRINITY_DN87013_c0_g1_i1.p1","XP_029658051.1",50,472,1.58e-171,501,0
"1748","SB1_JR_TRINITY_DN1358_c0_g1_i2.p1","CAE1157554.1",76.7,494,5.81e-233,677,0
"1749","SB6_PN_TRINITY_DN33402_c0_g1_i1.p1","XP_014783233.1",49.8,492,5.18e-163,481,0
"1750","SB5_PN_TRINITY_DN1133_c0_g1_i1.p1","XP_014788268.2",51.1,135,1.25e-39,142,0
"1751","SB1_JR_TRINITY_DN6208_c4_g1_i1.p1","CAE1316953.1",91.1,337,1.37e-213,629,0
"1752","SB5_PN_TRINITY_DN2775_c0_g1_i2.p1","CAE1229005.1",89.3,336,2.88e-219,613,0
"1753","SB8_PN_TRINITY_DN21781_c0_g1_i1.p2","CAE1275166.1",68.6,446,3.6e-211,625,0
"1754","SB5_PN_TRINITY_DN8362_c0_g1_i5.p1","CAI9737811.1",68,206,7.73e-94,288,0
"1755","SB10_PN_TRINITY_DN14640_c0_g1_i6.p1","XP_014770860.1",65,497,1.16e-245,692,0
"1756","SB8_PN_TRINITY_DN1406_c0_g1_i1.p1","CAE1248535.1",70.9,537,1.92e-244,694,0
"1757","SB10_PN_TRINITY_DN1123_c0_g1_i3.p1","BAS05959.1",56.8,347,3.83e-131,394,0
"1758","SB10_PN_TRINITY_DN2905_c0_g1_i2.p1","CAE1293126.1",93.6,360,1.12e-251,712,0
"1759","SB6_PN_TRINITY_DN91640_c1_g2_i2.p1","CAE1257204.1",73.6,121,8.04e-50,181,0
"1760","SB2_JR_TRINITY_DN652_c3_g1_i1.p1","XP_029644661.1",60.5,458,5.16e-200,573,0
"1761","SB10_PN_TRINITY_DN1754_c0_g1_i1.p1","CAE1248535.1",65.3,582,1.12e-235,674,0
"1762","SB5_PN_TRINITY_DN19533_c0_g1_i2.p1","CAE1246872.1",83.7,430,3.23e-267,747,0
"1763","SB7_PN_TRINITY_DN75552_c0_g1_i1.p1","CAE1177642.1",83.1,693,0,1237,0
"1764","SB3_JR_TRINITY_DN7343_c0_g1_i3.p1","CAI9714745.1",42.1,707,1.08e-193,580,0
"1765","SB5_PN_TRINITY_DN1552_c0_g1_i1.p1","CAI9714745.1",42.6,777,6.56e-214,635,0
"1766","SB4_JR_TRINITY_DN6628_c0_g1_i1.p1","CAE1293597.1",73.5,309,2.53e-136,400,0
"1767","SB1_JR_TRINITY_DN5034_c2_g1_i1.p1","CAE1246888.1",52.3,679,1.96e-218,629,0
"1768","SB5_PN_TRINITY_DN7115_c0_g1_i1.p1","CAI9723876.1",63.8,492,2.64e-218,622,0
"1769","SB6_PN_TRINITY_DN28148_c0_g1_i5.p1","CAE1274104.1",88.9,485,0,968,0
"1770","SB1_JR_TRINITY_DN8277_c0_g1_i2.p1","CAE1165835.1",99.2,639,0,1313,0
"1771","SB5_PN_TRINITY_DN35266_c0_g1_i1.p1","CAI9739404.1",64,948,0,1230,0
"1772","SB7_PN_TRINITY_DN43156_c0_g1_i4.p1","CAE1251480.1",95.4,647,0,1134,0
"1773","SB6_PN_TRINITY_DN43312_c0_g1_i4.p1","CAE1301376.1",58.2,579,1.39e-211,616,0
"1774","SB4_JR_TRINITY_DN1366_c0_g1_i2.p1","CAE1325147.1",98.3,934,0,1873,0
"1775","SB8_PN_TRINITY_DN47195_c0_g1_i2.p1","CAE1289477.1",89.9,268,7.78e-171,504,0
"1776","SB4_JR_TRINITY_DN26625_c0_g1_i2.p1","CAI9723876.1",65.8,486,4.28e-227,644,0
"1777","SB1_JR_TRINITY_DN463_c0_g1_i1.p1","CAE1299726.1",96,796,0,1398,0
"1778","SB5_PN_TRINITY_DN23112_c0_g2_i2.p2","CAE1303696.1",90.2,266,4.76e-171,491,0
"1779","SB2_JR_TRINITY_DN3178_c0_g1_i1.p1","CAE1315989.1",94.8,325,2.17e-233,661,0
"1780","SB9_PN_TRINITY_DN19174_c0_g1_i1.p1","BAX02571.1",48.6,521,9.81e-175,515,0
"1781","SB10_PN_TRINITY_DN94946_c0_g1_i1.p1","CAE1307838.1",73.3,165,7.3e-82,253,0
"1782","SB6_PN_TRINITY_DN16112_c0_g1_i2.p1","CAE1316867.1",90.7,518,2.25e-143,446,0
"1783","SB5_PN_TRINITY_DN129387_c0_g1_i1.p1","CAE1157298.1",90,623,0,1170,0
"1784","SB10_PN_TRINITY_DN1797_c0_g1_i5.p1","CAE1307007.1",81.5,151,1.61e-72,241,0
"1785","SB10_PN_TRINITY_DN56585_c0_g1_i1.p1","CAE1323101.1",98.5,201,8.54e-139,396,0
"1786","SB8_PN_TRINITY_DN173_c1_g1_i4.p1","CAI9723757.1",63.5,1431,0,1537,0
"1787","SB1_JR_TRINITY_DN20619_c0_g1_i1.p1","CAE1234393.1",95.7,395,9.91e-292,805,0
"1788","SB6_PN_TRINITY_DN94500_c0_g2_i5.p1","XP_052823100.1",79.9,710,0,1138,0
"1789","SB8_PN_TRINITY_DN101192_c0_g1_i1.p1","KAJ8310971.1",76.4,127,2.25e-71,222,0
"1790","SB4_JR_TRINITY_DN64561_c0_g1_i4.p1","XP_013415572.1",43.6,303,1.32e-83,271,0
"1791","SB10_PN_TRINITY_DN65032_c0_g1_i1.p1","CAE1233689.1",88.5,434,1.06e-308,848,0
"1792","SB2_JR_TRINITY_DN874_c2_g1_i3.p1","XP_052829737.1",55.6,1243,0,988,0
"1793","SB1_JR_TRINITY_DN345_c0_g1_i1.p1","CAE1282782.1",87.2,679,0,1194,0
"1794","SB8_PN_TRINITY_DN3838_c0_g1_i3.p1","XP_052823101.1",85.4,410,3.87e-254,718,0
"1795","SB5_PN_TRINITY_DN34759_c0_g2_i2.p1","CAE1306566.1",94.7,470,0,913,0
"1796","SB1_JR_TRINITY_DN953_c0_g4_i1.p1","XP_029636609.1",63.1,141,3.44e-63,200,0
"1797","SB6_PN_TRINITY_DN292167_c0_g1_i3.p1","XP_014783233.1",48.5,198,4.88e-65,220,0
"1798","SB6_PN_TRINITY_DN1274_c0_g1_i2.p1","XP_029641000.1",71.6,215,8.29e-107,333,0
"1799","SB1_JR_TRINITY_DN410_c1_g1_i2.p1","CAE1274102.1",91.4,740,0,1456,0
"1800","SB9_PN_TRINITY_DN42233_c0_g1_i1.p1","XP_045165397.2",36.2,232,1.01e-44,163,0
"1801","SB5_PN_TRINITY_DN212_c0_g1_i2.p1","CAE1305779.1",73.4,470,5.97e-261,732,0
"1802","SB3_JR_TRINITY_DN121_c0_g1_i8.p1","XP_014782596.1",58.7,201,1.66e-73,238,0
"1803","SB10_PN_TRINITY_DN2715_c0_g1_i1.p1","XP_029636609.1",63.1,141,1.34e-62,199,0
"1804","SB1_JR_TRINITY_DN8860_c0_g1_i1.p1","XP_029653504.1",57.1,168,4.05e-65,214,0
"1805","SB10_PN_TRINITY_DN832_c0_g1_i5.p2","CAE1268829.1",93.8,130,9.98e-84,256,0
"1806","SB6_PN_TRINITY_DN17598_c0_g1_i3.p1","CAE1320293.1",98.6,220,7.1e-153,452,0
"1807","SB3_JR_TRINITY_DN9838_c0_g1_i2.p1","CAE1286244.1",79,338,6.38e-189,535,0
"1808","SB1_JR_TRINITY_DN1225_c0_g2_i5.p1","XP_029645037.1",51,192,1.58e-55,185,0
"1809","SB3_JR_TRINITY_DN2849_c0_g1_i1.p1","CAE1234393.1",63.1,404,1.17e-168,489,0
"1810","SB8_PN_TRINITY_DN1900_c0_g1_i10.p1","CAE1277398.1",89.2,343,2.52e-222,646,0
"1811","SB3_JR_TRINITY_DN6316_c0_g1_i3.p1","CAE1157554.1",76.4,504,1.65e-232,676,0
"1812","SB2_JR_TRINITY_DN55137_c0_g1_i1.p1","CAE1265924.1",90.7,378,9.85000000000000e-262,723,0
"1813","SB5_PN_TRINITY_DN7546_c0_g1_i1.p1","XP_014786701.1",52.4,166,6.3e-52,177,0
"1814","SB2_JR_TRINITY_DN57022_c0_g1_i1.p1","CAE1264452.1",88.3,315,1.68e-206,580,0
"1815","SB6_PN_TRINITY_DN192153_c0_g1_i4.p1","CAE1264448.1",98.4,315,1.01e-234,652,0
"1816","SB1_JR_TRINITY_DN4092_c0_g1_i1.p1","CAE1272941.1",85.8,430,8.34e-270,748,0
"1817","SB1_JR_TRINITY_DN312_c0_g2_i10.p1","XP_046549759.1",33.8,544,1.14e-100,327,0
"1818","SB1_JR_TRINITY_DN64084_c0_g1_i1.p1","ALM01449.1",94.2,259,5.3e-151,509,0
"1819","SB1_JR_TRINITY_DN56299_c1_g1_i1.p1","XP_014785202.1",60.7,224,5.36e-101,305,0
"1820","SB4_JR_TRINITY_DN4533_c0_g1_i2.p1","CAI9727352.1",59.2,265,3.39e-92,327,0
"1821","SB6_PN_TRINITY_DN56214_c0_g2_i1.p1","XP_052829695.1",68.6,210,2.5e-91,292,0
"1822","SB7_PN_TRINITY_DN88422_c0_g1_i1.p1","XP_013415572.1",38.7,344,3.19e-76,254,0
"1823","SB8_PN_TRINITY_DN91461_c0_g1_i1.p1","XP_036364764.1",58.4,296,7.63e-118,351,0
"1824","SB10_PN_TRINITY_DN6448_c1_g1_i1.p1","XP_029645363.1",53.5,301,1.06e-106,323,0
"1825","SB8_PN_TRINITY_DN309_c0_g1_i2.p1","CAE1286049.1",94,381,1.58e-254,709,0
"1826","SB1_JR_TRINITY_DN7724_c0_g1_i1.p1","CAE1157404.1",92.3,520,0,986,0
"1827","SB8_PN_TRINITY_DN941_c0_g1_i10.p1","CAE1295985.1",90.1,191,2.11e-115,341,0
"1828","SB10_PN_TRINITY_DN451_c0_g1_i6.p1","CAE1160412.1",96.3,267,3.24e-165,497,0
"1829","SB1_JR_TRINITY_DN68_c0_g1_i3.p1","XP_014782596.1",59.9,262,9.66e-104,318,0
"1830","SB5_PN_TRINITY_DN1165_c0_g2_i9.p1","XP_020899267.2",45.7,92,1.52e-23,103,0
"1831","SB4_JR_TRINITY_DN4577_c0_g1_i1.p1","XP_029644953.1",54.5,479,4.59e-186,540,0
"1832","SB7_PN_TRINITY_DN1094_c0_g1_i2.p1","ALM01449.1",83.7,258,7.87e-134,461,0
"1833","SB5_PN_TRINITY_DN1133_c0_g1_i2.p1","XP_014788268.2",53.1,196,4.86e-75,235,0
"1834","SB1_JR_TRINITY_DN775_c0_g1_i1.p1","XP_052832783.1",75,332,6e-167,481,0
"1835","SB1_JR_TRINITY_DN23_c0_g1_i1.p1","CAE1318502.1",95.5,247,2.61e-157,511,0
"1836","SB8_PN_TRINITY_DN7626_c0_g1_i2.p1","XP_014770363.1",92.4,158,5.9e-98,311,0
"1837","SB10_PN_TRINITY_DN4895_c0_g1_i1.p1","CAE1153071.1",92.4,644,0,1248,0
"1838","SB2_JR_TRINITY_DN18938_c1_g1_i3.p2","XP_052823104.1",91.3,288,4.07e-195,559,0
"1839","SB10_PN_TRINITY_DN5507_c0_g2_i1.p1","XP_014781253.2",56,298,1.43e-114,345,0
"1840","SB8_PN_TRINITY_DN81936_c0_g1_i1.p1","CAE1243216.1",87.4,174,1.55e-102,312,0
"1841","SB10_PN_TRINITY_DN3938_c4_g1_i1.p1","CAE1267166.1",96.9,508,0,1028,0
"1842","SB9_PN_TRINITY_DN83788_c0_g1_i2.p1","XP_029651083.1",62.6,139,2.84e-54,189,0
"1843","SB6_PN_TRINITY_DN120128_c0_g2_i2.p1","CAI9744352.1",27.9,201,5.8e-11,73.9,0
"1844","SB10_PN_TRINITY_DN81718_c0_g1_i1.p1","XP_029634136.1",72,304,6.31e-152,438,0
"1845","SB8_PN_TRINITY_DN99891_c0_g1_i1.p1","CAI9722116.1",52.3,300,7.35e-106,321,0
"1846","SB1_JR_TRINITY_DN499_c0_g1_i2.p1","CAE1274104.1",87.9,746,0,1471,0
"1847","SB1_JR_TRINITY_DN410_c1_g1_i1.p1","CAE1274102.1",90.1,845,0,1628,0
"1848","SB7_PN_TRINITY_DN51717_c0_g1_i1.p1","XP_022286837.1",48.8,861,2.59e-297,857,0
"1849","SB6_PN_TRINITY_DN1120_c0_g1_i4.p1","CAE1178314.1",91.7,96,1.19e-58,197,0
"1850","SB2_JR_TRINITY_DN927_c3_g1_i5.p1","KAJ3559794.1",33.3,231,1.46e-30,126,0
"1851","SB1_JR_TRINITY_DN469_c2_g1_i3.p1","KAI0740168.1",30,230,4.67e-26,114,0
"1852","SB1_JR_TRINITY_DN7485_c1_g1_i6.p1","CAE1268868.1",91.9,320,3.32e-228,634,0
"1853","SB6_PN_TRINITY_DN37027_c0_g2_i2.p1","CAE1143476.1",93.1,216,3.03e-146,421,0
"1854","SB10_PN_TRINITY_DN37712_c0_g1_i2.p1","CAE1258372.1",89,146,1.66e-83,287,0
"1855","SB10_PN_TRINITY_DN3092_c1_g1_i2.p1","CAE1226250.1",96.9,419,1.18e-248,744,0
"1856","SB2_JR_TRINITY_DN74965_c0_g1_i1.p1","CAE1288599.1",58.2,79,8.03e-19,88.2,0
"1857","SB6_PN_TRINITY_DN9539_c0_g1_i1.p1","XP_052828520.1",86.2,464,9.92999999999999e-304,854,0
"1858","SB9_PN_TRINITY_DN15917_c2_g1_i2.p1","CAE1315965.1",91.5,129,1.49e-81,258,0
"1859","SB1_JR_TRINITY_DN3198_c1_g1_i1.p1","CAE1311892.1",97.4,153,7.22e-106,315,0
"1860","SB6_PN_TRINITY_DN69122_c0_g2_i2.p1","CAE1272698.1",88.9,162,3.39e-70,227,0
"1861","SB6_PN_TRINITY_DN13591_c0_g2_i1.p1","CAE1171421.1",87.1,255,6.58e-126,375,0
"1862","SB8_PN_TRINITY_DN5648_c0_g1_i1.p1","CAE1318331.1",93.8,240,1.66e-161,457,0
"1863","SB6_PN_TRINITY_DN3598_c0_g1_i8.p1","CAE1263505.1",75.7,181,2.49e-89,298,0
"1864","SB4_JR_TRINITY_DN4577_c0_g1_i2.p1","XP_029644953.1",55.2,467,1.97e-186,541,0
"1865","SB6_PN_TRINITY_DN9539_c0_g1_i2.p1","XP_052828520.1",82.5,587,0,1041,0
"1866","SB1_JR_TRINITY_DN66163_c0_g1_i1.p1","CAE1288601.1",94.7,132,7.42e-81,247,0
"1867","SB6_PN_TRINITY_DN224581_c0_g1_i1.p1","AHH31547.1",96.2,158,2.88e-91,273,0
"1868","SB1_JR_TRINITY_DN775_c0_g1_i4.p1","CAI9740978.1",75.9,328,8.42e-176,500,0
"1869","SB10_PN_TRINITY_DN993_c0_g1_i2.p1","CAE1320628.1",88.4,447,2.19e-304,837,0
"1870","SB11_PN_TRINITY_DN21599_c0_g1_i1.p1","CAE1320628.1",89.3,467,0,885,0
"1871","SB5_PN_TRINITY_DN131196_c0_g1_i2.p1","CAE1305213.1",91.9,728,0,1304,0
"1872","SB10_PN_TRINITY_DN8373_c0_g1_i1.p1","AHH31546.1",97.3,147,2.17e-83,252,0
"1873","SB8_PN_TRINITY_DN37351_c0_g1_i1.p1","CAE1157298.1",96,126,2.78e-81,263,0
"1874","SB10_PN_TRINITY_DN79751_c0_g1_i2.p1","CAE1303697.1",98.5,198,4.62e-142,408,0
"1875","SB2_JR_TRINITY_DN2342_c0_g1_i3.p1","XP_014770024.2",36.7,346,1.4e-82,266,0
"1876","SB6_PN_TRINITY_DN32361_c0_g1_i4.p1","CAI9728510.1",87.7,81,2.49e-41,150,0
"1877","SB10_PN_TRINITY_DN3912_c0_g2_i1.p1","CAE1140956.1",67.8,115,3.17e-47,162,0
"1878","SB10_PN_TRINITY_DN79751_c0_g1_i1.p1","CAE1303700.1",98.7,223,2.01e-162,461,0
"1879","SB3_JR_TRINITY_DN14663_c0_g1_i3.p1","CAE1268115.1",95.1,183,1.19e-91,303,0
"1880","SB10_PN_TRINITY_DN654_c0_g1_i2.p2","CAE1274104.1",88.1,185,1.96e-113,355,0
"1881","SB8_PN_TRINITY_DN7702_c0_g1_i3.p1","CAE1286244.1",51,247,3.1e-63,212,0
"1882","SB5_PN_TRINITY_DN24308_c0_g1_i1.p1","CAE1153395.1",90.9,66,1.78e-26,116,0
"1883","SB5_PN_TRINITY_DN6095_c1_g1_i4.p1","CAE1329647.1",63.8,389,4.8e-171,507,0
"1884","SB3_JR_TRINITY_DN25051_c0_g1_i1.p1","CAE1332072.1",95.1,103,4.12e-60,198,0
"1885","SB11_PN_TRINITY_DN32637_c0_g1_i1.p1","CAE1140956.1",94.8,116,5.92e-68,215,0
"1886","SB10_PN_TRINITY_DN5542_c0_g1_i2.p1","CAE1289372.1",91.8,159,6.11e-102,304,0
"1887","SB4_JR_TRINITY_DN3180_c0_g1_i1.p1","CAI9734155.1",61.4,171,1.77e-60,208,0
"1888","SB5_PN_TRINITY_DN146_c1_g1_i7.p1","XP_046546498.1",28.6,199,7.76e-16,89,0
"1889","SB7_PN_TRINITY_DN340_c1_g2_i1.p1","CAE1313662.1",90.6,286,3.41e-174,510,0
"1890","SB5_PN_TRINITY_DN166814_c0_g1_i1.p1","CAE1304708.1",80.9,404,1.16e-225,631,0
"1891","SB5_PN_TRINITY_DN102_c0_g1_i1.p1","CAE1157554.1",75.5,494,3.17e-232,674,0
"1892","SB8_PN_TRINITY_DN948_c0_g1_i6.p1","CAI9735064.1",49.6,131,3.25e-34,138,0
"1893","SB1_JR_TRINITY_DN11377_c0_g1_i2.p1","CAE1318880.1",98.3,180,3.1e-120,366,0
"1894","SB6_PN_TRINITY_DN11196_c1_g2_i1.p1","CAE1316812.1",82,200,5.78e-118,346,0
"1895","SB5_PN_TRINITY_DN1092_c0_g1_i6.p1","CAE1252335.1",94.7,320,4.74e-216,623,0
"1896","SB5_PN_TRINITY_DN1785_c0_g2_i9.p1","CAE1328800.1",90.7,364,6.7e-240,672,0
"1897","SB7_PN_TRINITY_DN702_c0_g1_i6.p1","CAI9740978.1",75.6,328,6.57e-173,493,0
"1898","SB1_JR_TRINITY_DN6867_c0_g1_i1.p1","CAE1233746.1",79.3,435,5.95e-254,708,0
"1899","SB5_PN_TRINITY_DN2815_c0_g1_i10.p1","CAE1263505.1",83.5,849,0,1357,0
"1900","SB6_PN_TRINITY_DN30906_c0_g1_i1.p2","CAE1233746.1",92.3,91,4.41e-52,181,0
"1901","SB8_PN_TRINITY_DN3368_c0_g1_i1.p1","XP_052833195.1",57,149,3.29e-49,171,0
"1902","SB5_PN_TRINITY_DN94718_c0_g1_i2.p1","CAE1283757.1",95,179,2.9e-110,339,0
"1903","SB1_JR_TRINITY_DN631_c0_g1_i1.p1","XP_014788740.1",42.1,126,1.68e-19,92.4,0
"1904","SB1_JR_TRINITY_DN1734_c0_g1_i1.p1","CAI9741102.1",62.4,189,3.21e-82,252,0
"1905","SB3_JR_TRINITY_DN5930_c0_g1_i2.p1","CAI9743228.1",53,411,4.45e-142,422,0
"1906","SB2_JR_TRINITY_DN2307_c0_g1_i3.p2","CAI9734155.1",62,171,2.41e-61,209,0
"1907","SB2_JR_TRINITY_DN3967_c0_g1_i3.p1","CAE1310736.1",76.8,353,2.55e-186,563,0
"1908","SB6_PN_TRINITY_DN170591_c1_g2_i3.p1","CAE1306025.1",81.1,481,7.23e-305,842,0
"1909","SB1_JR_TRINITY_DN41027_c0_g1_i1.p1","CAE1297656.1",90.6,350,1.23e-230,642,0
"1910","SB5_PN_TRINITY_DN24308_c0_g1_i2.p1","CAE1153395.1",79.2,77,7.09e-27,119,0
"1911","SB4_JR_TRINITY_DN1122_c1_g2_i2.p1","CAE1255677.1",93.6,297,6.05e-214,596,0
"1912","SB9_PN_TRINITY_DN9454_c0_g1_i2.p1","BBU59752.1",91.3,551,0,1055,0
"1913","SB5_PN_TRINITY_DN1785_c0_g2_i6.p1","CAE1328800.1",92.8,319,5.8e-217,611,0
"1914","SB3_JR_TRINITY_DN47724_c0_g1_i1.p1","CAE1304708.1",99.1,229,3.69e-162,465,0
"1915","SB1_JR_TRINITY_DN444_c3_g1_i2.p1","CAE1149020.1",65.8,120,1.18e-41,160,0
"1916","SB1_JR_TRINITY_DN8380_c0_g1_i1.p1","MDK0675402.1",69.3,166,4.01e-76,239,0
"1917","SB10_PN_TRINITY_DN865_c0_g1_i2.p1","MDK0675402.1",78.9,166,3.8e-86,265,0
"1918","SB6_PN_TRINITY_DN655_c0_g1_i1.p1","CAE1271263.1",96.9,193,8.24e-128,376,0
"1919","SB8_PN_TRINITY_DN3957_c0_g2_i1.p1","CAE1328800.1",92.9,397,3.22e-273,757,0
"1920","SB7_PN_TRINITY_DN5516_c0_g1_i4.p1","CAE1153071.1",92.3,574,0,1108,0
"1921","SB10_PN_TRINITY_DN16640_c0_g1_i2.p2","CAE1318317.1",78.4,111,1.83e-51,181,0
"1922","SB5_PN_TRINITY_DN29553_c0_g1_i5.p1","CAE1167681.1",91.6,479,0,891,0
"1923","SB3_JR_TRINITY_DN1450_c2_g1_i2.p1","XP_029647613.1",57.4,706,1.92e-259,761,0
"1924","SB6_PN_TRINITY_DN1025_c1_g1_i4.p1","CAE1260802.1",98,149,5.84e-94,299,0
"1925","SB7_PN_TRINITY_DN90195_c0_g1_i1.p1","KAJ3116169.1",33.9,165,1.61e-14,83.2,0
"1926","SB10_PN_TRINITY_DN20837_c0_g1_i2.p1","CAE1176952.1",78.2,156,8.73e-89,272,0
"1927","SB2_JR_TRINITY_DN2401_c0_g1_i2.p1","XP_036364192.1",73.3,318,7.17e-154,452,0
"1928","SB6_PN_TRINITY_DN109480_c1_g1_i2.p1","XP_052826396.1",87.8,979,0,1728,0
"1929","SB12_PN_TRINITY_DN49369_c0_g1_i1.p1","CAE1153472.1",51.7,60,1.42e-10,66.6,0
"1930","SB9_PN_TRINITY_DN1446_c0_g2_i2.p1","CAE1286223.1",57.7,142,3.4e-49,169,0
"1931","SB1_JR_TRINITY_DN19527_c0_g1_i1.p1","CAE1315989.1",91.3,623,0,1194,0
"1932","SB12_PN_TRINITY_DN598_c0_g2_i5.p1","ACJ22638.1",94.1,204,8.06e-134,387,0
"1933","SB1_JR_TRINITY_DN7911_c0_g1_i1.p1","CAE1247237.1",97.6,165,2.72e-129,372,0
"1934","SB6_PN_TRINITY_DN110924_c1_g2_i2.p1","CAE1312074.1",99.2,122,7.26e-72,243,0
"1935","SB1_JR_TRINITY_DN262_c0_g1_i9.p2","XP_029656030.1",44,141,1.95e-39,146,0
"1936","SB10_PN_TRINITY_DN2783_c0_g1_i3.p2","CAE1304708.1",98.8,167,1.32e-113,339,0
"1937","SB9_PN_TRINITY_DN698_c0_g1_i2.p2","CAE1178314.1",88.9,153,1.05e-100,307,0
"1938","SB3_JR_TRINITY_DN54600_c0_g1_i1.p1","MDK0675400.1",78,132,1.76e-70,222,0
"1939","SB6_PN_TRINITY_DN93397_c0_g1_i1.p1","AFV94409.1",52.4,294,1.96e-92,311,0
"1940","SB8_PN_TRINITY_DN99191_c0_g1_i2.p1","XP_046325732.1",38.2,178,5.49e-36,138,0
"1941","SB6_PN_TRINITY_DN5532_c0_g1_i3.p1","CAE1288317.1",87.5,232,4.14e-149,441,0
"1942","SB1_JR_TRINITY_DN11230_c0_g1_i1.p1","XP_029649863.1",62.3,522,5.74e-194,564,0
"1943","SB2_JR_TRINITY_DN5576_c0_g2_i1.p1","CAE1153071.1",91.8,158,5.24e-99,309,0
"1944","SB1_JR_TRINITY_DN4316_c0_g1_i23.p1","CAE1270053.1",79.6,216,3.94e-112,351,0
"1945","SB6_PN_TRINITY_DN5613_c0_g1_i2.p1","CAE1299801.1",90.3,351,4.36e-232,662,0
"1946","SB9_PN_TRINITY_DN3301_c1_g1_i2.p1","CAE1268115.1",93.7,142,4.36e-59,210,0
"1947","SB10_PN_TRINITY_DN3346_c0_g1_i1.p1","CAE1226632.1",95.7,736,0,1440,0
"1948","SB1_JR_TRINITY_DN353_c1_g1_i1.p1","CAE1309418.1",89.9,159,1.15e-99,318,0
"1949","SB7_PN_TRINITY_DN2222_c0_g1_i4.p1","XP_029642564.1",69.9,372,8.17e-197,557,0
"1950","SB5_PN_TRINITY_DN133981_c0_g1_i1.p1","BAI66449.1",47.7,258,3.49e-77,245,0
"1951","SB10_PN_TRINITY_DN35810_c0_g1_i1.p1","CAE1315989.1",95.8,143,7.32e-96,301,0
"1952","SB7_PN_TRINITY_DN5397_c4_g1_i4.p1","ACJ22644.1",86.3,205,9.81e-132,381,0
"1953","SB1_JR_TRINITY_DN56009_c0_g1_i1.p1","CAE1318331.1",96.3,245,5.27e-173,486,0
"1954","SB10_PN_TRINITY_DN83796_c0_g1_i1.p1","BAI66449.1",71.9,249,1.56e-132,385,0
"1955","SB6_PN_TRINITY_DN1978_c0_g1_i6.p1","CAE1318102.1",80.7,398,3.45e-218,635,0
"1956","SB11_PN_TRINITY_DN3162_c0_g1_i1.p1","ACJ22654.1",78.8,118,4.29e-64,204,0
"1957","SB6_PN_TRINITY_DN18060_c0_g1_i15.p1","CAE1267477.1",99.3,143,4.71e-92,293,0
"1958","SB10_PN_TRINITY_DN489_c0_g1_i2.p1","MDK0675397.1",82.8,122,7.39e-76,241,0
"1959","SB6_PN_TRINITY_DN551_c0_g1_i31.p1","XP_029654758.1",44.7,228,8.01e-66,216,0
"1960","SB1_JR_TRINITY_DN2384_c1_g1_i2.p1","ACJ22638.1",94.2,258,3.68e-175,493,0
"1961","SB7_PN_TRINITY_DN1573_c0_g1_i2.p1","CAE1255677.1",90.4,313,1.25e-213,596,0
"1962","SB6_PN_TRINITY_DN84243_c0_g1_i3.p1","BAI67805.1",84.9,232,1.17e-132,402,0
"1963","SB6_PN_TRINITY_DN1978_c0_g1_i13.p1","CAE1318102.1",80.4,393,3.39e-214,625,0
"1964","SB9_PN_TRINITY_DN219_c0_g1_i1.p1","MDK0675397.1",81.7,104,8.65e-61,202,0
"1965","SB3_JR_TRINITY_DN7060_c0_g2_i7.p1","ACJ22638.1",94.3,245,2.52e-166,470,0
"1966","SB5_PN_TRINITY_DN4613_c0_g1_i6.p1","CAE1238891.1",99.2,266,4.34e-175,530,0
"1967","SB4_JR_TRINITY_DN1001_c0_g1_i14.p2","XP_052828520.1",86.2,340,5.05e-216,625,0
"1968","SB10_PN_TRINITY_DN58843_c0_g1_i1.p1","XP_014768200.1",57.6,118,3.43e-43,148,0
"1969","SB1_JR_TRINITY_DN6367_c2_g1_i1.p1","XP_014780657.1",84.4,353,1.64e-232,649,0
"1970","SB5_PN_TRINITY_DN15322_c0_g1_i1.p1","CAE1172115.1",86.7,293,1.16e-189,536,0
"1971","SB7_PN_TRINITY_DN6499_c0_g1_i1.p1","XP_029653853.1",76.2,260,1.06e-145,421,0
"1972","SB6_PN_TRINITY_DN148_c0_g1_i1.p1","XP_052826862.1",36.3,267,3.63e-50,181,0
"1973","SB7_PN_TRINITY_DN8811_c0_g3_i1.p1","CAE1266532.1",78.7,122,3.36e-70,219,0
"1974","SB4_JR_TRINITY_DN372_c0_g1_i10.p1","CAI9741850.1",40,135,4.53e-29,120,0
"1975","SB8_PN_TRINITY_DN17100_c0_g1_i1.p1","XP_052826862.1",39.7,219,9.9e-44,163,0
"1976","SB10_PN_TRINITY_DN3346_c0_g1_i2.p1","CAE1226632.1",83.9,124,3.3e-55,195,0
"1977","SB6_PN_TRINITY_DN1274_c0_g1_i4.p1","KAK3592777.1",72.4,76,4.01e-27,116,0
"1978","SB12_PN_TRINITY_DN15257_c0_g1_i1.p1","XP_029657579.1",72.7,480,1.9e-257,722,0
"1979","SB7_PN_TRINITY_DN8209_c0_g1_i1.p1","XP_014769098.2",46.4,112,7.59e-34,127,0
"1980","SB7_PN_TRINITY_DN8209_c0_g1_i2.p1","XP_029651701.1",48.1,108,1.14e-33,125,0
"1981","SB10_PN_TRINITY_DN72779_c0_g1_i1.p1","CAI9741257.1",60.7,145,1.81e-60,194,0
"1982","SB5_PN_TRINITY_DN1785_c0_g2_i7.p2","CAE1328800.1",92.9,140,2.26e-87,274,0
"1983","SB10_PN_TRINITY_DN489_c0_g1_i4.p2","MDK0675397.1",82.8,99,9.95e-60,197,0
"1984","SB8_PN_TRINITY_DN1257_c0_g1_i2.p1","MDK0675397.1",80.8,104,1.73e-60,201,0
"1985","SB10_PN_TRINITY_DN37835_c0_g1_i2.p1","XP_029637188.1",48.2,114,3.87e-29,112,0
"1986","SB7_PN_TRINITY_DN89320_c0_g1_i1.p1","CAI9741257.1",60,145,4.25e-59,190,0
"1987","SB6_PN_TRINITY_DN9539_c0_g1_i9.p2","CAE1269450.1",99.2,123,1.97e-85,267,0
"1988","SB1_JR_TRINITY_DN2164_c0_g1_i1.p1","CAE1286244.1",54.9,71,3.1e-12,79.3,0
"1989","SB6_PN_TRINITY_DN142752_c0_g1_i5.p1","CAE1277675.1",75.5,102,7.6e-48,165,0
"1990","SB2_JR_TRINITY_DN40524_c0_g1_i1.p1","XP_014780833.1",53.2,62,1.21e-17,84.7,0
"1991","SB6_PN_TRINITY_DN156823_c0_g1_i3.p1","CAI9729067.1",82.4,205,3.78e-125,377,0
"1992","SB1_JR_TRINITY_DN2092_c0_g1_i1.p2","XP_029641000.1",73.2,179,2.85e-88,284,0
"1993","SB11_PN_TRINITY_DN26808_c0_g1_i8.p2","CAI9741850.1",36.3,91,8.52e-14,78.2,0
"1994","SB5_PN_TRINITY_DN94477_c0_g1_i1.p2","CAI9729634.1",46.3,95,2.06e-19,93.6,0
"1995","SB10_PN_TRINITY_DN3966_c0_g1_i1.p1","CAE1258453.1",79.1,110,2.81e-53,181,0
"1996","SB10_PN_TRINITY_DN8193_c1_g3_i1.p1","CAE1251140.1",74.4,203,4.38e-114,338,0
"1997","SB10_PN_TRINITY_DN3783_c0_g2_i1.p1","BBU59752.1",93.1,551,0,1074,0
"1998","SB1_JR_TRINITY_DN26724_c0_g1_i1.p1","CAI9739404.1",55.4,121,1.95e-37,146,0
"1999","SB2_JR_TRINITY_DN11331_c0_g1_i6.p1","CAE1290483.1",86.8,136,3.3e-71,239,0
"2000","SB12_PN_TRINITY_DN51525_c0_g1_i1.p1","CAE1315741.1",67,924,0,1282,0
"2001","SB8_PN_TRINITY_DN84343_c0_g1_i1.p1","RUS80040.1",36.6,93,5.33e-14,73.2,0
"2002","SB5_PN_TRINITY_DN32804_c2_g1_i10.p1","CAE1256524.1",93.3,193,4.52e-125,370,0
"2003","SB2_JR_TRINITY_DN24048_c0_g1_i3.p1","CAI9729315.1",42.9,133,1.26e-32,127,0
"2004","SB1_JR_TRINITY_DN775_c0_g1_i7.p2","CAE1160414.1",97,99,1.81e-54,194,0
"2005","SB8_PN_TRINITY_DN8597_c0_g1_i7.p1","CAE1290483.1",88.3,163,3.42e-90,290,0
"2006","SB10_PN_TRINITY_DN999_c0_g1_i2.p2","XP_052822919.1",62.1,177,9.81e-59,206,0
"2007","SB1_JR_TRINITY_DN2694_c0_g1_i1.p1","CAE1277609.1",78.9,190,7.65e-102,302,0
"2008","SB5_PN_TRINITY_DN21305_c0_g1_i3.p1","CAE1317962.1",96.7,244,4.53e-162,479,0
"2009","SB6_PN_TRINITY_DN43312_c0_g1_i8.p2","CAE1301376.1",66.2,201,2.08e-81,265,0
"2010","SB1_JR_TRINITY_DN3985_c0_g1_i1.p1","XP_023240397.1",29.1,196,9.81e-15,80.9,0
"2011","SB2_JR_TRINITY_DN2203_c0_g1_i1.p1","CAE1298140.1",87.3,267,7.69e-174,492,0
"2012","SB2_JR_TRINITY_DN16593_c0_g1_i1.p1","ACJ22644.1",78.8,189,4.79e-105,313,0
"2013","SB10_PN_TRINITY_DN31295_c0_g1_i1.p1","XP_014774895.1",53.8,483,1.14e-188,546,0
"2014","SB12_PN_TRINITY_DN10640_c0_g1_i1.p1","CAE1267166.1",85.2,508,0,898,0
"2015","SB7_PN_TRINITY_DN7004_c0_g1_i6.p1","CAE1238891.1",95.8,142,4.14e-79,266,0
"2016","SB10_PN_TRINITY_DN16907_c0_g1_i1.p1","BBU59751.1",87.6,395,1.46e-256,713,0
"2017","SB6_PN_TRINITY_DN103283_c0_g1_i1.p2","CAE1162142.1",81.9,94,9.31e-49,179,0
"2018","SB4_JR_TRINITY_DN118_c0_g1_i2.p2","WP_234446203.1",78.1,73,4.5e-35,125,0
"2019","SB12_PN_TRINITY_DN9959_c0_g1_i1.p1","CAE1178314.1",82.6,396,5.5e-260,721,0
"2020","SB12_PN_TRINITY_DN41131_c0_g1_i1.p1","AIZ97492.1",96.3,406,5.34e-304,831,0
"2021","SB12_PN_TRINITY_DN15280_c0_g1_i1.p1","XP_014774895.1",55.6,487,2.82e-199,573,0
"2022","SB12_PN_TRINITY_DN11661_c0_g1_i1.p1","AHM92582.1",97.8,552,0,1160,0
"2023","SB11_PN_TRINITY_DN31831_c0_g1_i9.p1","WP_200467343.1",86.7,90,2.16e-28,110,0
"2024","SB8_PN_TRINITY_DN12130_c0_g2_i1.p1","CAE1309418.1",84.9,159,1.08e-91,298,0
"2025","SB12_PN_TRINITY_DN82425_c0_g1_i1.p1","XP_014788797.1",41.1,674,6.68e-169,512,0
"2026","SO2_PD_som_TRINITY_DN10462_c9_g4_i2.p1","CAE1235980.1",98.3,746,0,1490,0
"2027","SO2_PD_som_TRINITY_DN6671_c0_g1_i1.p1","CAE1314305.1",91.3,344,3.47e-187,538,0
"2028","SO3_MH_TRINITY_DN68929_c0_g1_i7.p1","CAE1314595.1",84.7,261,1.68e-162,486,0
"2029","SO7_PD_TRINITY_DN318_c0_g1_i1.p1","CAE1314595.1",87.4,261,6.96e-166,494,0
"2030","SO7_PD_TRINITY_DN318_c0_g1_i3.p1","CAE1314595.1",87.4,261,5.61e-166,494,0
"2031","SO1_PD_sof_TRINITY_DN12314_c0_g3_i3.p1","CAE1322612.1",93,472,6.48e-292,833,0
"2032","SO3_MH_TRINITY_DN68929_c0_g1_i8.p1","CAE1314595.1",87.4,261,2.02e-166,496,0
"2033","SO1_PD_sof_TRINITY_DN10236_c0_g1_i1.p1","XP_035693188.1",38.5,379,6e-72,242,0
"2034","SO4_MH_TRINITY_DN33188_c1_g1_i11.p1","CAE1314595.1",84.7,261,2.48e-162,486,0
"2035","SO5_PD_TRINITY_DN7092_c0_g1_i4.p1","CAE1314595.1",85.1,261,1.79e-163,488,0
"2036","SO2_PD_som_TRINITY_DN10066_c0_g1_i1.p1","CAE1238891.1",84.4,1136,0,1811,0
"2037","SO5_PD_TRINITY_DN1_c0_g1_i7.p1","XP_014779875.1",45.3,380,1.05e-109,338,0
"2038","SO2_PD_som_TRINITY_DN10892_c1_g4_i2.p1","XP_029647970.1",46.8,376,2.87e-109,337,0
"2039","SO5_PD_TRINITY_DN1_c0_g1_i1.p1","XP_029647970.1",48.4,376,4.45e-117,357,0
"2040","SO2_PD_som_TRINITY_DN9789_c0_g1_i1.p1","CAE1286998.1",83.1,295,3.52e-150,439,0
"2041","SO6_PD_TRINITY_DN3902_c0_g1_i1.p1","XP_014771098.1",62,347,5.36e-161,468,0
"2042","SO1_PD_sof_TRINITY_DN12120_c2_g1_i1.p1","XP_014771098.1",62.9,342,2.35e-163,474,0
"2043","SO3_MH_TRINITY_DN55776_c0_g1_i1.p1","CAE1233243.1",90.5,599,0,1121,0
"2044","SO4_MH_TRINITY_DN32756_c2_g1_i3.p1","XP_029647970.1",49.2,376,2.6e-121,368,0
"2045","SO3_MH_TRINITY_DN64896_c3_g3_i1.p1","CAE1306498.1",92.5,469,3.29e-305,857,0
"2046","SO1_PD_sof_TRINITY_DN11497_c1_g1_i4.p1","XP_029643435.1",53.3,969,0,1013,0
"2047","SO1_PD_sof_TRINITY_DN11616_c0_g1_i2.p2","CAE1287148.1",96.1,413,2.92e-241,700,0
"2048","SO3_MH_TRINITY_DN65412_c3_g11_i1.p1","CAE1262780.1",93.7,399,2.36e-262,729,0
"2049","SO3_MH_TRINITY_DN67079_c8_g1_i1.p1","XP_029633661.1",67.4,1126,0,1511,0
"2050","SO1_PD_sof_TRINITY_DN8167_c0_g2_i1.p1","XP_060570337.1",34.8,224,1.42e-24,113,0
"2051","SO2_PD_som_TRINITY_DN9997_c0_g1_i1.p1","XP_029635402.1",68.1,527,7.81e-278,776,0
"2052","SO1_PD_sof_TRINITY_DN9827_c0_g1_i1.p1","XP_014768645.1",50.4,252,5.89e-93,288,0
"2053","SO6_PD_TRINITY_DN307_c0_g1_i1.p1","CAE1248477.1",85.3,1513,0,2443,0
"2054","SO1_PD_sof_TRINITY_DN6182_c0_g1_i1.p1","XP_036369247.1",58.2,306,6.77e-119,355,0
"2055","SO3_MH_TRINITY_DN67217_c6_g3_i1.p1","XP_029636725.1",64.1,1603,0,1790,0
"2056","SO2_PD_som_TRINITY_DN11038_c6_g4_i1.p1","XP_014781544.1",64.4,1766,0,2025,0
"2057","SO2_PD_som_TRINITY_DN10868_c1_g1_i2.p1","XP_036357774.1",70.5,3428,0,5321,0
"2058","SO1_PD_sof_TRINITY_DN7447_c0_g1_i1.p1","QVQ68751.1",72.1,301,1.06e-156,455,0
"2059","SO1_PD_sof_TRINITY_DN12513_c2_g1_i1.p1","CAE1227535.1",92.5,372,9.78e-258,714,0
"2060","SO2_PD_som_TRINITY_DN5376_c0_g1_i1.p1","CAE1332595.1",99.5,185,1.52e-118,402,0
"2061","SO1_PD_sof_TRINITY_DN11889_c3_g1_i1.p1","CAI9734207.1",63.3,810,0,1099,0
"2062","SO4_MH_TRINITY_DN33153_c0_g1_i1.p1","AKI30062.1",79.3,319,1.05e-202,568,0
"2063","SO1_PD_sof_TRINITY_DN12688_c5_g1_i6.p1","KDR77776.1",30,210,9.55e-15,84.3,0
"2064","SO2_PD_som_TRINITY_DN10955_c4_g1_i1.p1","CAE1313910.1",93.7,333,1.2e-240,669,0
"2065","SO2_PD_som_TRINITY_DN10879_c0_g1_i2.p1","CAI9728190.1",49.6,3611,0,2919,0
"2066","SO1_PD_sof_TRINITY_DN11662_c0_g1_i3.p1","XP_029633790.1",72.8,151,9.13e-76,236,0
"2067","SO2_PD_som_TRINITY_DN10695_c0_g1_i1.p1","WOE89250.1",87.9,141,5.47e-83,250,0
"2068","SO2_PD_som_TRINITY_DN10778_c5_g1_i1.p1","CAE1309075.1",89.2,249,1.07e-157,454,0
"2069","SO1_PD_sof_TRINITY_DN11576_c11_g2_i2.p1","CAE1247651.1",98.5,336,4.89e-250,692,0
"2070","SO1_PD_sof_TRINITY_DN9462_c0_g1_i1.p1","CAE1304236.1",93.5,260,5.01e-122,366,0
"2071","SO1_PD_sof_TRINITY_DN12020_c5_g1_i1.p1","XP_029641000.1",66.6,584,6.3e-302,845,0
"2072","SO1_PD_sof_TRINITY_DN10874_c0_g1_i1.p1","CAE1173162.1",89.8,814,0,1065,0
"2073","SO1_PD_sof_TRINITY_DN12145_c2_g2_i1.p1","CAE1231119.1",95.7,255,7.13e-165,472,0
"2074","SO1_PD_sof_TRINITY_DN11662_c0_g1_i1.p1","XP_029633790.1",70.6,201,3.6e-98,295,0
"2075","SO3_MH_TRINITY_DN68047_c3_g10_i1.p1","CAE1331775.1",97.9,233,3.08e-151,463,0
"2076","SO2_PD_som_TRINITY_DN10914_c2_g2_i5.p1","XP_029633790.1",68.1,163,1.16e-75,236,0
"2077","SO3_MH_TRINITY_DN62916_c0_g1_i1.p1","CAE1324737.1",40.7,516,9.89e-100,314,0
"2078","SO1_PD_sof_TRINITY_DN11811_c11_g6_i1.p1","XP_052830250.1",46.2,392,3.6e-111,342,0
"2079","SO5_PD_TRINITY_DN2615_c0_g1_i1.p1","UBT01723.1",55,189,2.32e-61,206,0
"2080","SO4_MH_TRINITY_DN31655_c0_g2_i4.p1","CAE1307932.1",70,958,0,1286,0
"2081","SO4_MH_TRINITY_DN23089_c0_g1_i1.p1","CAE1244888.1",76.9,386,4.66e-218,621,0
"2082","SO2_PD_som_TRINITY_DN10476_c10_g1_i1.p1","CAE1237902.1",73.7,118,1.32e-47,179,0
"2083","SO3_MH_TRINITY_DN67154_c0_g1_i1.p1","XP_052827295.1",73,333,6.91e-152,478,0
"2084","SO3_MH_TRINITY_DN67717_c8_g5_i1.p1","XP_029647997.1",43.5,108,2.1e-22,97.8,0
"2085","SO5_PD_TRINITY_DN38936_c0_g1_i1.p1","XP_014769621.1",59.5,131,3.04e-40,154,0
"2086","SO1_PD_sof_TRINITY_DN12514_c1_g2_i2.p1","CAE1236514.1",91.4,639,0,1081,0
"2087","SO2_PD_som_TRINITY_DN9708_c0_g1_i2.p1","CAI9739057.1",75.9,440,1.93e-268,747,0
"2088","SO1_PD_sof_TRINITY_DN12419_c0_g1_i1.p1","CAI9732236.1",64.4,472,1.89e-238,673,0
"2089","SO3_MH_TRINITY_DN68892_c6_g3_i2.p1","CAE1260835.1",99.4,476,0,960,0
"2090","SO1_PD_sof_TRINITY_DN10372_c0_g1_i1.p1","XP_041350337.1",61.5,247,1.1e-99,301,0
"2091","SO5_PD_TRINITY_DN5202_c0_g1_i1.p1","XP_052827195.1",59.4,101,4.38e-36,141,0
"2092","SO3_MH_TRINITY_DN67154_c0_g1_i4.p1","CAI9728696.1",86.8,501,6.36e-306,891,0
"2093","SO1_PD_sof_TRINITY_DN11039_c0_g1_i1.p1","CAE1312378.1",66.3,190,1.98e-96,289,0
"2094","SO2_PD_som_TRINITY_DN8150_c0_g2_i1.p1","CAE1159052.1",95.5,719,0,1392,0
"2095","SO2_PD_som_TRINITY_DN10437_c9_g3_i1.p1","CAE1252332.1",92.1,1743,0,3209,0
"2096","SO3_MH_TRINITY_DN66703_c4_g1_i2.p1","CAE1157554.1",85.2,419,6.85e-232,675,0
"2097","SO3_MH_TRINITY_DN65912_c6_g3_i1.p1","CAE1266297.1",72.6,175,1.46e-81,263,0
"2098","SO4_MH_TRINITY_DN32005_c2_g1_i2.p1","CAE1266297.1",78.3,175,5.72e-90,285,0
"2099","SO4_MH_TRINITY_DN32625_c5_g3_i1.p1","CAE1291348.1",94.8,210,2.74e-144,419,0
"2100","SO1_PD_sof_TRINITY_DN11932_c2_g4_i11.p1","CAE1157554.1",75.1,515,3.12e-233,678,0
"2101","SO7_PD_TRINITY_DN2694_c0_g1_i1.p1","CAE1137474.1",95.7,460,0,884,0
"2102","SO1_PD_sof_TRINITY_DN12316_c3_g2_i1.p1","XP_040208267.1",51.4,173,1.47e-64,218,0
"2103","SO3_MH_TRINITY_DN67154_c0_g1_i7.p1","XP_052827292.1",82.4,624,0,1031,0
"2104","SO3_MH_TRINITY_DN65034_c0_g1_i6.p1","XP_029636636.1",70.8,528,1.68e-260,758,0
"2105","SO4_MH_TRINITY_DN31102_c2_g4_i3.p1","CAE1324243.1",90.9,220,7.12e-145,430,0
"2106","SO4_MH_TRINITY_DN37352_c0_g1_i1.p1","CAE1258858.1",92.7,382,1.49e-269,743,0
"2107","SO1_PD_sof_TRINITY_DN11957_c8_g3_i8.p1","XP_014777908.1",82.9,275,4.61e-179,506,0
"2108","SO4_MH_TRINITY_DN32005_c2_g1_i1.p1","CAE1266297.1",75.4,175,3.67e-85,272,0
"2109","SO2_PD_som_TRINITY_DN10757_c5_g3_i6.p1","XP_052829695.1",84.5,671,0,1181,0
"2110","SO3_MH_TRINITY_DN67142_c2_g2_i2.p1","CAE1288317.1",91.7,541,0,1061,0
"2111","SO4_MH_TRINITY_DN40645_c0_g1_i1.p1","XP_029638389.1",52.9,153,2.59e-49,166,0
"2112","SO1_PD_sof_TRINITY_DN11194_c0_g1_i2.p1","CAE1178314.1",92.7,396,5.67e-285,784,0
"2113","SO2_PD_som_TRINITY_DN10891_c8_g1_i1.p1","CAE1319994.1",85.4,875,0,1565,0
"2114","SO1_PD_sof_TRINITY_DN11169_c0_g1_i3.p2","CAE1323305.1",98.1,209,1e-137,408,0
"2115","SO1_PD_sof_TRINITY_DN12507_c6_g2_i1.p1","CAE1293597.1",81.8,292,8.3e-159,456,0
"2116","SO1_PD_sof_TRINITY_DN11784_c8_g1_i2.p1","QHI00145.1",99.4,161,5.44e-111,323,0
"2117","SO1_PD_sof_TRINITY_DN11791_c3_g2_i2.p1","XP_014775592.1",75.2,471,6.87e-275,765,0
"2118","SO2_PD_som_TRINITY_DN11031_c2_g1_i9.p1","XP_014778328.1",47,251,7.15e-83,267,0
"2119","SO1_PD_sof_TRINITY_DN12085_c7_g1_i1.p1","CAE1268834.1",93.2,351,2.89e-246,681,0
"2120","SO1_PD_sof_TRINITY_DN11876_c0_g1_i1.p1","CAE1266505.1",63.9,662,4.29e-255,726,0
"2121","SO1_PD_sof_TRINITY_DN11887_c3_g6_i2.p2","CAE1316953.1",96.4,338,2.36e-228,667,0
"2122","SO2_PD_som_TRINITY_DN14111_c0_g1_i1.p1","XP_029652839.1",37.9,145,4.11e-30,118,0
"2123","SO1_PD_sof_TRINITY_DN11383_c0_g1_i10.p1","CAI9719638.1",57.3,375,6.57e-150,441,0
"2124","SO3_MH_TRINITY_DN66677_c4_g1_i3.p1","CAE1249644.1",89.6,279,2.25e-185,528,0
"2125","SO5_PD_TRINITY_DN3058_c0_g2_i3.p1","CAE1229005.1",89,336,5.87e-219,612,0
"2126","SO3_MH_TRINITY_DN66794_c4_g1_i2.p1","CAE1308737.1",95.7,506,0,1004,0
"2127","SO1_PD_sof_TRINITY_DN12813_c0_g1_i1.p1","XP_014783238.1",52.1,455,5.72e-173,506,0
"2128","SO1_PD_sof_TRINITY_DN11194_c0_g1_i7.p1","CAE1178314.1",88.7,159,3.48e-104,317,0
"2129","SO3_MH_TRINITY_DN63643_c0_g1_i5.p1","XP_014770860.1",65.8,489,9.73999999999999e-249,700,0
"2130","SO1_PD_sof_TRINITY_DN10793_c0_g1_i2.p1","CAE1248535.1",70.1,536,4.43e-235,670,0
"2131","SO1_PD_sof_TRINITY_DN10213_c0_g1_i1.p1","CAE1293126.1",93.6,360,3.41e-253,716,0
"2132","SO1_PD_sof_TRINITY_DN11291_c0_g1_i2.p1","CAE1160864.1",73.3,1215,0,1670,0
"2133","SO1_PD_sof_TRINITY_DN881_c0_g1_i1.p1","CAE1177642.1",84.2,405,3.51e-244,692,0
"2134","SO2_PD_som_TRINITY_DN7106_c0_g1_i1.p1","XP_029644661.1",60.7,456,2.19e-196,564,0
"2135","SO1_PD_sof_TRINITY_DN12277_c6_g2_i9.p1","CAE1325067.1",92.7,329,5.04e-218,627,0
"2136","SO1_PD_sof_TRINITY_DN2363_c0_g1_i1.p1","CAE1173856.1",80,195,8.12e-111,327,0
"2137","SO1_PD_sof_TRINITY_DN11847_c3_g1_i1.p1","CAE1246888.1",51.1,706,7.89e-214,618,0
"2138","SO1_PD_sof_TRINITY_DN9773_c0_g1_i1.p1","CAE1165835.1",99.4,639,0,1316,0
"2139","SO1_PD_sof_TRINITY_DN12544_c6_g2_i1.p1","AFV94409.1",59.1,1412,0,1648,0
"2140","SO4_MH_TRINITY_DN32262_c3_g2_i1.p1","XP_029646485.1",60.9,281,6.82e-111,340,0
"2141","SO2_PD_som_TRINITY_DN11153_c4_g2_i1.p1","CAI9723876.1",63.5,493,2.28e-218,624,0
"2142","SO5_PD_TRINITY_DN601_c0_g1_i2.p1","CAE1325147.1",99.3,973,0,1970,0
"2143","SO4_MH_TRINITY_DN28928_c0_g1_i2.p1","CAE1234393.1",93.3,404,5.24e-290,800,0
"2144","SO1_PD_sof_TRINITY_DN9796_c0_g1_i3.p1","XP_052823100.1",79.8,708,0,1137,0
"2145","SO1_PD_sof_TRINITY_DN11652_c6_g1_i6.p1","XP_052829737.1",57.1,1272,0,984,0
"2146","SO1_PD_sof_TRINITY_DN10047_c0_g1_i1.p1","CCJ09605.1",36.6,388,4.47e-75,249,0
"2147","SO5_PD_TRINITY_DN1625_c0_g1_i1.p1","XP_014779739.1",51.5,204,8.42e-76,248,0
"2148","SO1_PD_sof_TRINITY_DN11518_c0_g1_i1.p1","CAE1282782.1",89.5,679,0,1225,0
"2149","SO1_PD_sof_TRINITY_DN9796_c0_g1_i1.p1","XP_052823104.1",87.8,616,0,1133,0
"2150","SO1_PD_sof_TRINITY_DN11437_c0_g1_i1.p1","CAE1256868.1",89.9,109,3.09e-62,215,0
"2151","SO4_MH_TRINITY_DN44572_c0_g1_i1.p1","CAE1307838.1",83.9,161,1.98e-94,285,0
"2152","SO3_MH_TRINITY_DN66248_c1_g1_i1.p1","CAE1303696.1",88.1,470,9.22e-306,843,0
"2153","SO1_PD_sof_TRINITY_DN12020_c6_g9_i1.p1","CAE1274102.1",92.7,740,0,1480,0
"2154","SO3_MH_TRINITY_DN65847_c7_g1_i1.p1","QHI00145.1",100,146,5.05e-103,302,0
"2155","SO1_PD_sof_TRINITY_DN12201_c5_g1_i2.p1","XP_029645037.1",55.6,142,1.37e-53,180,0
"2156","SO3_MH_TRINITY_DN64921_c6_g1_i2.p1","CAE1266295.1",88.8,498,0,952,0
"2157","SO7_PD_TRINITY_DN38636_c0_g1_i1.p1","CAE1305777.1",77.8,474,9.43999999999999e-273,764,0
"2158","SO2_PD_som_TRINITY_DN9266_c0_g1_i2.p1","CAE1233689.1",90,432,4.7199999999975e-312,856,0
"2159","SO1_PD_sof_TRINITY_DN29822_c0_g1_i1.p1","XP_029636609.1",66,141,4.91e-65,205,0
"2160","SO1_PD_sof_TRINITY_DN12251_c4_g1_i1.p1","CAE1286244.1",78,341,1.51e-189,536,0
"2161","SO3_MH_TRINITY_DN65022_c4_g10_i1.p1","CAE1277398.1",94.4,107,3.09e-68,233,0
"2162","SO3_MH_TRINITY_DN6353_c0_g1_i1.p1","XP_033738981.1",57.9,159,1.03e-63,209,0
"2163","SO2_PD_som_TRINITY_DN10647_c5_g1_i1.p1","CAE1286049.1",92.8,414,9.49e-282,779,0
"2164","SO3_MH_TRINITY_DN65676_c7_g1_i3.p1","ALM01449.1",87.3,259,2.26e-141,482,0
"2165","SO1_PD_sof_TRINITY_DN10900_c1_g1_i1.p1","XP_014781253.2",58.8,289,1.09e-124,370,0
"2166","SO1_PD_sof_TRINITY_DN12192_c15_g3_i1.p1","XP_052829695.1",68.1,210,1.81e-92,295,0
"2167","SO1_PD_sof_TRINITY_DN10047_c0_g1_i3.p1","CCJ09605.1",36.5,397,3.07e-74,247,0
"2168","SO6_PD_TRINITY_DN75_c1_g2_i1.p1","CAE1295985.1",83.2,191,7.31e-109,325,0
"2169","SO5_PD_TRINITY_DN137_c1_g1_i28.p1","CAI9724229.1",40,310,9.12e-76,245,0
"2170","SO6_PD_TRINITY_DN283_c1_g2_i9.p1","CAI9724229.1",46.6,281,1.51e-77,249,0
"2171","SO4_MH_TRINITY_DN30288_c0_g1_i5.p1","XP_014770860.1",58.7,184,4.02e-74,243,0
"2172","SO4_MH_TRINITY_DN31003_c1_g1_i3.p1","CAE1160412.1",96.6,267,4.57e-166,499,0
"2173","SO1_PD_sof_TRINITY_DN10392_c0_g1_i1.p1","CAI9715155.1",60,365,4.93e-166,479,0
"2174","SO1_PD_sof_TRINITY_DN10903_c0_g1_i1.p1","CAE1265924.1",93.1,378,1.13e-271,748,0
"2175","SO2_PD_som_TRINITY_DN10815_c3_g1_i2.p1","CAE1318502.1",93.5,247,6.71e-151,494,0
"2176","SO1_PD_sof_TRINITY_DN10391_c0_g1_i1.p1","XP_046549759.1",34.6,544,2.31e-102,332,0
"2177","SO4_MH_TRINITY_DN31353_c1_g7_i5.p1","XP_020899267.2",50,78,2.95e-20,97.4,0
"2178","SO1_PD_sof_TRINITY_DN11258_c0_g1_i3.p1","CAE1153071.1",94.4,644,0,1288,0
"2179","SO6_PD_TRINITY_DN12288_c0_g2_i1.p1","XP_029656435.1",74.8,115,7.67e-63,200,0
"2180","SO5_PD_TRINITY_DN31575_c0_g1_i1.p1","CAI9722116.1",51.5,299,1.84e-101,310,0
"2181","SO2_PD_som_TRINITY_DN10657_c8_g1_i3.p1","CAE1274102.1",91.4,845,0,1657,0
"2182","SO5_PD_TRINITY_DN4491_c0_g1_i8.p1","CAE1295985.1",86.9,130,3.08e-73,232,0
"2183","SO1_PD_sof_TRINITY_DN12020_c6_g9_i2.p1","CAE1274102.1",91.4,845,0,1657,0
"2184","SO1_PD_sof_TRINITY_DN11853_c3_g2_i3.p1","CAE1311892.1",99.3,153,8.82e-107,317,0
"2185","SO1_PD_sof_TRINITY_DN11765_c5_g5_i1.p1","CAI9740978.1",74.7,328,1.32e-172,492,0
"2186","SO4_MH_TRINITY_DN29058_c0_g1_i1.p1","CAE1320628.1",90.9,463,0,900,0
"2187","SO1_PD_sof_TRINITY_DN11745_c11_g4_i1.p1","CAE1305213.1",90.5,728,0,1288,0
"2188","SO1_PD_sof_TRINITY_DN10434_c0_g1_i2.p1","XP_029644953.1",55.9,487,2.67e-195,564,0
"2189","SO1_PD_sof_TRINITY_DN12673_c1_g3_i1.p1","CAE1166466.1",97.2,142,3.53e-101,301,0
"2190","SO3_MH_TRINITY_DN65952_c2_g3_i2.p1","CAE1313662.1",94.9,410,8.94e-277,780,0
"2191","SO4_MH_TRINITY_DN17231_c0_g1_i1.p1","AHH31547.1",99.4,158,1.28e-94,281,0
"2192","SO1_PD_sof_TRINITY_DN9988_c0_g1_i1.p1","CAE1303697.1",98,198,3.25e-142,408,0
"2193","SO1_PD_sof_TRINITY_DN11885_c11_g1_i1.p1","CAE1306566.1",96.4,782,0,1574,0
"2194","SO2_PD_som_TRINITY_DN871_c0_g1_i1.p1","AHH31546.1",100,147,1.59e-85,257,0
"2195","SO1_PD_sof_TRINITY_DN9988_c0_g1_i2.p1","CAE1303700.1",98.2,223,9.99e-163,462,0
"2196","SO1_PD_sof_TRINITY_DN8834_c0_g1_i2.p1","CAE1156049.1",94.7,339,8.3e-238,659,0
"2197","SO3_MH_TRINITY_DN67990_c11_g2_i2.p1","CAC5361278.1",30.3,264,5.45e-35,143,0
"2198","SO1_PD_sof_TRINITY_DN12211_c3_g1_i1.p1","CAE1304708.1",99.7,377,2.5e-278,766,0
"2199","SO1_PD_sof_TRINITY_DN11940_c5_g8_i1.p1","CAE1318880.1",98.9,180,5.49e-121,368,0
"2200","SO3_MH_TRINITY_DN67310_c8_g1_i1.p1","XP_036364192.1",68.1,326,1.37e-142,432,0
"2201","SO1_PD_sof_TRINITY_DN11344_c0_g1_i2.p1","CAI9741102.1",61.9,189,5.3e-81,249,0
"2202","SO1_PD_sof_TRINITY_DN10908_c0_g1_i1.p1","CAC5405703.1",41.9,129,1.71e-17,87,0
"2203","SO3_MH_TRINITY_DN55675_c0_g1_i1.p1","CAE1297656.1",94.3,350,6.5e-242,671,0
"2204","SO3_MH_TRINITY_DN64822_c11_g1_i4.p1","CAE1282782.1",89.7,477,1.21999999999991e-311,867,0
"2205","SO3_MH_TRINITY_DN65484_c0_g2_i2.p1","CAE1299801.1",89.9,99,8.51e-52,186,0
"2206","SO3_MH_TRINITY_DN68972_c6_g7_i2.p1","CAE1255993.1",73.1,93,7.24e-29,126,0
"2207","SO2_PD_som_TRINITY_DN27022_c0_g1_i1.p1","CAE1264771.1",83.3,78,2.73e-32,123,0
"2208","SO3_MH_TRINITY_DN67310_c8_g1_i4.p1","XP_036364192.1",68.6,283,9.05e-129,387,0
"2209","SO2_PD_som_TRINITY_DN28157_c0_g1_i1.p1","CAE1265924.1",92.3,155,1.52e-100,305,0
"2210","SO1_PD_sof_TRINITY_DN12263_c3_g1_i1.p1","CAE1149020.1",79.7,118,1.17e-57,203,0
"2211","SO5_PD_TRINITY_DN563_c0_g1_i2.p1","CAE1271263.1",99,288,3.84e-204,574,0
"2212","SO1_PD_sof_TRINITY_DN8609_c0_g1_i1.p1","CAE1328800.1",94.8,477,0,924,0
"2213","SO2_PD_som_TRINITY_DN9829_c0_g2_i1.p1","CAE1153071.1",93.9,574,0,1139,0
"2214","SO5_PD_TRINITY_DN38700_c0_g1_i1.p1","CAE1176952.1",79.5,156,2.04e-87,268,0
"2215","SO3_MH_TRINITY_DN66474_c5_g1_i2.p1","AFV94409.1",54.8,294,2.21e-98,327,0
"2216","SO4_MH_TRINITY_DN32433_c8_g1_i1.p1","CAE1247237.1",97.6,168,2.26e-131,377,0
"2217","SO2_PD_som_TRINITY_DN1623_c0_g1_i1.p2","CAE1304708.1",99.4,167,2.29e-114,341,0
"2218","SO2_PD_som_TRINITY_DN9664_c0_g1_i1.p1","CAE1315989.1",88.2,535,0,998,0
"2219","SO1_PD_sof_TRINITY_DN12247_c4_g1_i2.p1","CAE1175236.1",97.5,361,4.97e-266,731,0
"2220","SO3_MH_TRINITY_DN60221_c0_g1_i3.p1","CAE1256868.1",97.9,143,3.44e-96,305,0
"2221","SO1_PD_sof_TRINITY_DN12246_c1_g3_i7.p1","CAE1309418.1",82.8,267,1.9e-121,375,0
"2222","SO3_MH_TRINITY_DN65155_c5_g7_i1.p1","XP_052826396.1",87.8,979,0,1728,0
"2223","SO5_PD_TRINITY_DN7454_c0_g1_i1.p1","XP_014781253.2",62.9,240,2.48e-109,329,0
"2224","SO4_MH_TRINITY_DN31362_c1_g3_i1.p1","XP_029642563.1",74.3,343,2.85e-196,556,0
"2225","SO4_MH_TRINITY_DN33407_c1_g11_i1.p1","XP_029649863.1",58.7,414,5.58e-124,381,0
"2226","SO1_PD_sof_TRINITY_DN12430_c2_g12_i1.p1","CAE1299801.1",93.2,453,1.13999999999998e-310,867,0
"2227","SO1_PD_sof_TRINITY_DN10242_c0_g1_i1.p1","CAE1226632.1",95.5,736,0,1436,0
"2228","SO1_PD_sof_TRINITY_DN12469_c9_g1_i2.p1","BAI66448.1",41.8,244,1.8e-63,210,0
"2229","SO2_PD_som_TRINITY_DN6092_c0_g1_i1.p1","XP_029645346.1",65,160,4.06e-68,218,0
"2230","SO7_PD_TRINITY_DN3169_c0_g1_i1.p1","AKN23454.1",98.8,245,8.13e-177,496,0
"2231","SO1_PD_sof_TRINITY_DN13669_c0_g1_i1.p1","BAI66448.1",72.5,258,2.87e-140,405,0
"2232","SO3_MH_TRINITY_DN59875_c0_g1_i2.p1","BAI66448.1",72.5,258,2.02e-140,405,0
"2233","SO6_PD_TRINITY_DN1555_c0_g1_i1.p1","CAE1318001.1",95.2,84,1.06e-45,167,0
"2234","SO5_PD_TRINITY_DN96_c3_g2_i1.p1","XP_029654758.1",48.2,228,1.17e-73,236,0
"2235","SO2_PD_som_TRINITY_DN10813_c0_g1_i1.p1","XP_014780657.1",83.9,355,2.33e-232,649,0
"2236","SO2_PD_som_TRINITY_DN11190_c10_g1_i2.p1","CAE1252570.1",89.7,136,1.61e-80,255,0
"2237","SO5_PD_TRINITY_DN23129_c0_g1_i1.p1","XP_061162618.1",47.4,137,6.36e-42,146,0
"2238","SO3_MH_TRINITY_DN65101_c5_g2_i1.p1","CAE1266532.1",76.4,123,1.72e-68,215,0
"2239","SO3_MH_TRINITY_DN68353_c3_g2_i1.p1","CAE1227535.1",92.4,145,1.14e-86,270,0
"2240","SO6_PD_TRINITY_DN558_c0_g1_i1.p1","CAE1309418.1",85.3,265,6.26e-122,376,0
"2241","SO5_PD_TRINITY_DN405_c0_g2_i6.p1","CAE1252570.1",91.1,90,4.18e-49,172,0
"2242","SO5_PD_TRINITY_DN43181_c0_g1_i1.p1","CAI9741257.1",46.6,131,3.21e-38,137,0
"2243","SO5_PD_TRINITY_DN39499_c0_g1_i1.p2","XP_029637188.1",49.1,114,9.54e-30,114,0
"2244","SO2_PD_som_TRINITY_DN10751_c8_g2_i7.p2","XP_014237294.1",31.5,162,1.32e-14,80.9,0
"2245","SO1_PD_sof_TRINITY_DN27053_c0_g1_i1.p1","CAI9729067.1",77.7,493,2.24e-306,846,0
"2246","SO1_PD_sof_TRINITY_DN11612_c0_g1_i1.p1","CAE1258866.1",88.9,45,1.01e-19,97.4,0
"2247","SO1_PD_sof_TRINITY_DN11744_c10_g5_i1.p1","CAI9739404.1",57.1,170,8.26e-61,216,0
"2248","SO4_MH_TRINITY_DN32799_c7_g1_i2.p1","CAE1298140.1",89,146,7.43e-91,277,0
"2249","SO1_PD_sof_TRINITY_DN10680_c0_g2_i1.p1","CAE1277609.1",83,188,3.2e-114,333,0
"2250","SO1_PD_sof_TRINITY_DN12534_c4_g1_i3.p3","CAE1316867.1",96.4,138,3.18e-36,143,0
"2251","SO4_MH_TRINITY_DN31977_c3_g1_i1.p1","CAI9739404.1",48,75,3.44e-14,79,0
"2252","SO3_MH_TRINITY_DN65824_c7_g1_i2.p1","CAI9730330.1",69.9,528,4.16e-289,853,0
"2253","SO5_PD_TRINITY_DN97_c0_g3_i1.p1","WP_200467343.1",100,101,1.84e-42,146,0
"2254","SO1_PD_sof_TRINITY_DN12445_c5_g5_i3.p2","WP_200467343.1",71.3,101,3.87e-19,86.3,0
"2255","SO7_PD_TRINITY_DN28655_c0_g1_i1.p1","CAI9719756.1",100,284,3.01e-212,589,0
